region_code,region_name,region_name_official,yta_name,budget_nominal_meur_2023,budget_nominal_meur_2024,budget_nominal_meur_2025,budget_nominal_meur_2026,placed_children_2021,placed_children_pct_2021,placed_children_2022,placed_children_pct_2022,placed_children_2023,placed_children_pct_2023,placed_children_2024,placed_children_pct_2024,budget_change_meur_2023_2026,budget_change_pct_2023_2026,budget_change_pct_2023_2024,budget_change_pct_2024_2025,budget_change_pct_2025_2026,placed_change_n_2021_2024,placed_change_pct_2021_2024,placed_change_n_2023_2024,placed_change_pct_2023_2024,budget_minus_placements_change_pp_2023_2024
01,Itä-Uudenmaan hyvinvointialue,Itä-Uudenmaan hyvinvointialue,Etelä-Suomen yhteistyöalue,433.199,447.778,465.363,492.262,193,0.7,201,0.8,181,0.7,177,0.7,59.063,13.63,3.37,3.93,5.78,-16,-8.29,-4,-2.21,5.58
02,Keski-Uudenmaan hyvinvointialue,Keski-Uudenmaan hyvinvointialue,Etelä-Suomen yhteistyöalue,854.589,884.245,915.828,933.647,615,1.0,599,1.0,632,1.1,685,1.2,79.058,9.25,3.47,3.57,1.95,70,11.38,53,8.39,-4.92
03,Länsi-Uudenmaan hyvinvointialue,Länsi-Uudenmaan hyvinvointialue,Etelä-Suomen yhteistyöalue,2112.418,1931.442,2049.882,2141.23,1318,0.9,1333,0.9,1304,0.9,1289,0.9,28.812,1.36,-8.57,6.13,4.46,-29,-2.2,-15,-1.15,-7.42
04,Vantaan ja Keravan hyvinvointialue,Vantaan ja Keravan hyvinvointialue,Etelä-Suomen yhteistyöalue,1136.561,1279.622,1296.52,1329.288,1232,1.5,1244,1.5,1179,1.4,1155,1.4,192.727,16.96,12.59,1.32,2.53,-77,-6.25,-24,-2.04,14.63
05,Varsinais-Suomen hyvinvointialue,Varsinais-Suomen hyvinvointialue,Länsi-Suomen yhteistyöalue,2336.158,2466.109,2613.517,2713.849,1483,1.1,1433,1.1,1447,1.1,1430,1.1,377.691,16.17,5.56,5.98,3.84,-53,-3.57,-17,-1.17,6.73
06,Satakunnan hyvinvointialue,Satakunnan hyvinvointialue,Länsi-Suomen yhteistyöalue,1097.474,1166.177,1203.323,1194.541,767,1.4,780,1.5,749,1.4,731,1.4,97.067,8.84,6.26,3.19,-0.73,-36,-4.69,-18,-2.4,8.66
07,Kanta-Hämeen hyvinvointialue,Kanta-Hämeen hyvinvointialue,Sisä-Suomen yhteistyöalue,810.182,902.927,882.847,829.921,649,1.5,627,1.5,585,1.4,548,1.3,19.739,2.44,11.45,-2.22,-5.99,-101,-15.56,-37,-6.32,17.77
08,Pirkanmaan hyvinvointialue,Pirkanmaan hyvinvointialue,Sisä-Suomen yhteistyöalue,2559.534,2728.426,2884.246,2970.085,1689,1.1,1591,1.1,1517,1.0,1418,0.9,410.551,16.04,6.6,5.71,2.98,-271,-16.04,-99,-6.53,13.13
09,Päijät-Hämeen hyvinvointialue,Päijät-Hämeen hyvinvointialue,Etelä-Suomen yhteistyöalue,947.756,1044.684,1080.354,1105.434,781,1.5,772,1.5,774,1.6,773,1.6,157.678,16.64,10.23,3.41,2.32,-8,-1.02,-1,-0.13,10.36
10,Kymenlaakson hyvinvointialue,Kymenlaakson hyvinvointialue,Etelä-Suomen yhteistyöalue,936.968,1010.202,1013.582,1044.147,624,1.7,619,1.7,626,1.8,619,1.8,107.179,11.44,7.82,0.33,3.02,-5,-0.8,-7,-1.12,8.94
11,Etelä-Karjalan hyvinvointialue,Etelä-Karjalan hyvinvointialue,Etelä-Suomen yhteistyöalue,635.452,664.341,686.561,676.376,180,0.6,170,0.6,170,0.6,160,0.5,40.924,6.44,4.55,3.34,-1.48,-20,-11.11,-10,-5.88,10.43
12,Etelä-Savon hyvinvointialue,Etelä-Savon hyvinvointialue,Itä-Suomen yhteistyöalue,854.996,871.584,892.313,901.152,428,1.5,487,1.7,500,1.8,488,1.8,46.156,5.4,1.94,2.38,0.99,60,14.02,-12,-2.4,4.34
13,Pohjois-Savon hyvinvointialue,Pohjois-Savon hyvinvointialue,Itä-Suomen yhteistyöalue,1354.417,1453.268,1575.818,1566.53,951,1.5,961,1.5,1036,1.6,1033,1.6,212.113,15.66,7.3,8.43,-0.59,82,8.62,-3,-0.29,7.59
14,Pohjois-Karjalan hyvinvointialue,Pohjois-Karjalan hyvinvointialue,Itä-Suomen yhteistyöalue,819.868,904.692,934.071,967.334,581,1.4,570,1.4,606,1.5,600,1.5,147.466,17.99,10.35,3.25,3.56,19,3.27,-6,-0.99,11.34
15,Keski-Suomen hyvinvointialue,Keski-Suomen hyvinvointialue,Itä-Suomen yhteistyöalue,1269.911,1376.956,1466.781,1438.175,1027,1.3,1083,1.4,1118,1.5,1094,1.4,168.264,13.25,8.43,6.52,-1.95,67,6.52,-24,-2.15,10.58
16,Etelä-Pohjanmaan hyvinvointialue,Etelä-Pohjanmaan hyvinvointialue,Sisä-Suomen yhteistyöalue,989.981,1083.422,1110.063,1098.54,610,1.2,628,1.2,621,1.2,624,1.2,108.559,10.97,9.44,2.46,-1.04,14,2.3,3,0.48,8.96
17,Pohjanmaan hyvinvointialue,Pohjanmaan hyvinvointialue,Länsi-Suomen yhteistyöalue,838.734,898.589,898.589,887.992,349,0.7,332,0.6,321,0.6,338,0.6,49.258,5.87,7.14,0.0,-1.18,-11,-3.15,17,5.3,1.84
18,Keski-Pohjanmaan hyvinvointialue,Keski-Pohjanmaan hyvinvointialue,Pohjois-Suomen yhteistyöalue,370.613,384.505,414.664,411.767,173,0.8,204,1.0,221,1.1,218,1.1,41.154,11.1,3.75,7.84,-0.7,45,26.01,-3,-1.36,5.11
19,Pohjois-Pohjanmaan hyvinvointialue,Pohjois-Pohjanmaan hyvinvointialue,Pohjois-Suomen yhteistyöalue,2018.894,2132.005,2218.68,2263.867,1452,1.1,1470,1.1,1482,1.1,1488,1.1,244.973,12.13,5.6,4.07,2.04,36,2.48,6,0.4,5.2
20,Kainuun hyvinvointialue,Kainuun hyvinvointialue,Pohjois-Suomen yhteistyöalue,447.261,447.765,443.223,449.178,227,1.3,219,1.3,208,1.3,197,1.2,1.917,0.43,0.11,-1.01,1.34,-30,-13.22,-11,-5.29,5.4
21,Lapin hyvinvointialue,Lapin hyvinvointialue,Pohjois-Suomen yhteistyöalue,1005.587,1063.013,1126.993,1158.478,588,1.3,608,1.4,622,1.4,609,1.4,152.891,15.2,5.71,6.02,2.79,21,3.57,-13,-2.09,7.8
90,Helsinki (erillinen järjestäjä),Helsingin kaupunki,Etelä-Suomen yhteistyöalue,2767.631,2891.155,3156.392,3289.555,2178,1.2,1935,1.1,1931,1.1,1934,1.1,521.924,18.86,4.46,9.17,4.22,-244,-11.2,3,0.16,4.3
