cabinet_ordinal,cabinet_id,cabinet_name,prime_minister_surname,start_date,end_date,is_incumbent,days_in_office_source,days_in_office_computed,pm_party_fi,cabinet_type_fi,source_id,source_url,vintage_date
1,001_svinhufvud,Svinhufvud,Svinhufvud,1917-11-27,1918-05-27,False,182,182,Nuorsuomalaiset,Enemmistö,valtioneuvosto_hallitukset,https://valtioneuvosto.fi/hallitukset-ja-ministerit/hallitukset/,2026-08-22
2,002_paasikivi,Paasikivi,Paasikivi,1918-05-27,1918-11-27,False,185,185,Suomalainen puolue,Enemmistö,valtioneuvosto_hallitukset,https://valtioneuvosto.fi/hallitukset-ja-ministerit/hallitukset/,2026-08-22
3,003_ingman,Ingman,Ingman,1918-11-27,1919-04-17,False,142,142,Kansallinen Kokoomus,Enemmistö,valtioneuvosto_hallitukset,https://valtioneuvosto.fi/hallitukset-ja-ministerit/hallitukset/,2026-08-22
4,004_castren_k,Castren K.,Castren K.,1919-04-17,1919-08-15,False,121,121,Edistyspuolue,Vähemmistö,valtioneuvosto_hallitukset,https://valtioneuvosto.fi/hallitukset-ja-ministerit/hallitukset/,2026-08-22
5,005_vennola,Vennola,Vennola,1919-08-15,1920-03-15,False,214,214,Edistyspuolue,Vähemmistö,valtioneuvosto_hallitukset,https://valtioneuvosto.fi/hallitukset-ja-ministerit/hallitukset/,2026-08-22
6,006_erich,Erich,Erich,1920-03-15,1921-04-09,False,391,391,Kansallinen Kokoomus,Enemmistö,valtioneuvosto_hallitukset,https://valtioneuvosto.fi/hallitukset-ja-ministerit/hallitukset/,2026-08-22
7,007_vennola_ii,Vennola II,Vennola,1921-04-09,1922-06-02,False,420,420,Edistyspuolue,Vähemmistö,valtioneuvosto_hallitukset,https://valtioneuvosto.fi/hallitukset-ja-ministerit/hallitukset/,2026-08-22
8,008_cajander,Cajander,Cajander,1922-06-02,1922-11-14,False,166,166,Ammatti/virkamies,Virkamies,valtioneuvosto_hallitukset,https://valtioneuvosto.fi/hallitukset-ja-ministerit/hallitukset/,2026-08-22
9,009_kallio,Kallio,Kallio,1922-11-14,1924-01-18,False,431,431,Maalaisliitto,Vähemmistö,valtioneuvosto_hallitukset,https://valtioneuvosto.fi/hallitukset-ja-ministerit/hallitukset/,2026-08-22
10,010_cajander_ii,Cajander II,Cajander,1924-01-18,1924-05-31,False,135,135,Ammatti/virkamies,Virkamies,valtioneuvosto_hallitukset,https://valtioneuvosto.fi/hallitukset-ja-ministerit/hallitukset/,2026-08-22
11,011_ingman_ii,Ingman II,Ingman,1924-05-31,1925-03-31,False,305,305,Kansallinen Kokoomus,Enemmistö,valtioneuvosto_hallitukset,https://valtioneuvosto.fi/hallitukset-ja-ministerit/hallitukset/,2026-08-22
12,012_tulenheimo,Tulenheimo,Tulenheimo,1925-03-31,1925-12-31,False,276,276,Kansallinen Kokoomus,Vähemmistö,valtioneuvosto_hallitukset,https://valtioneuvosto.fi/hallitukset-ja-ministerit/hallitukset/,2026-08-22
13,013_kallio_ii,Kallio II,Kallio,1925-12-31,1926-12-13,False,348,348,Maalaisliitto,Vähemmistö,valtioneuvosto_hallitukset,https://valtioneuvosto.fi/hallitukset-ja-ministerit/hallitukset/,2026-08-22
14,014_tanner,Tanner,Tanner,1926-12-13,1927-12-17,False,370,370,Suomen Sosialidemokraattinen Puolue,Vähemmistö,valtioneuvosto_hallitukset,https://valtioneuvosto.fi/hallitukset-ja-ministerit/hallitukset/,2026-08-22
15,015_sunila,Sunila,Sunila,1927-12-17,1928-12-22,False,372,372,Maalaisliitto,Vähemmistö,valtioneuvosto_hallitukset,https://valtioneuvosto.fi/hallitukset-ja-ministerit/hallitukset/,2026-08-22
16,016_mantere,Mantere,Mantere,1928-12-22,1929-08-16,False,238,238,Edistyspuolue,Vähemmistö,valtioneuvosto_hallitukset,https://valtioneuvosto.fi/hallitukset-ja-ministerit/hallitukset/,2026-08-22
17,017_kallio_iii,Kallio III,Kallio,1929-08-16,1930-07-04,False,323,323,Maalaisliitto,Vähemmistö,valtioneuvosto_hallitukset,https://valtioneuvosto.fi/hallitukset-ja-ministerit/hallitukset/,2026-08-22
18,018_svinhufvud_ii,Svinhufvud II,Svinhufvud,1930-07-04,1931-03-21,False,261,261,Kansallinen Kokoomus,Enemmistö,valtioneuvosto_hallitukset,https://valtioneuvosto.fi/hallitukset-ja-ministerit/hallitukset/,2026-08-22
19,019_sunila_ii,Sunila II,Sunila,1931-03-21,1932-12-14,False,635,635,Maalaisliitto,Enemmistö,valtioneuvosto_hallitukset,https://valtioneuvosto.fi/hallitukset-ja-ministerit/hallitukset/,2026-08-22
20,020_kivimaki,Kivimäki,Kivimäki,1932-12-14,1936-10-07,False,1394,1394,Edistyspuolue,Vähemmistö,valtioneuvosto_hallitukset,https://valtioneuvosto.fi/hallitukset-ja-ministerit/hallitukset/,2026-08-22
21,021_kallio_iv,Kallio IV,Kallio,1936-10-07,1937-03-12,False,157,157,Maalaisliitto,Vähemmistö,valtioneuvosto_hallitukset,https://valtioneuvosto.fi/hallitukset-ja-ministerit/hallitukset/,2026-08-22
22,022_cajander_iii,Cajander III,Cajander,1937-03-12,1939-12-01,False,995,995,Edistyspuolue,Enemmistö,valtioneuvosto_hallitukset,https://valtioneuvosto.fi/hallitukset-ja-ministerit/hallitukset/,2026-08-22
23,023_ryti,Ryti,Ryti,1939-12-01,1940-03-27,False,118,118,Edistyspuolue,Enemmistö,valtioneuvosto_hallitukset,https://valtioneuvosto.fi/hallitukset-ja-ministerit/hallitukset/,2026-08-22
24,024_ryti_ii,Ryti II,Ryti,1940-03-27,1941-01-04,False,284,284,Edistyspuolue,Enemmistö,valtioneuvosto_hallitukset,https://valtioneuvosto.fi/hallitukset-ja-ministerit/hallitukset/,2026-08-22
25,025_rangell,Rangell,Rangell,1941-01-04,1943-03-05,False,791,791,Edistyspuolue,Enemmistö,valtioneuvosto_hallitukset,https://valtioneuvosto.fi/hallitukset-ja-ministerit/hallitukset/,2026-08-22
26,026_linkomies,Linkomies,Linkomies,1943-03-05,1944-08-08,False,523,523,Kansallinen Kokoomus,Enemmistö,valtioneuvosto_hallitukset,https://valtioneuvosto.fi/hallitukset-ja-ministerit/hallitukset/,2026-08-22
27,027_hackzell,Hackzell,Hackzell,1944-08-08,1944-09-21,False,45,45,Ammatti/virkamies,Enemmistö,valtioneuvosto_hallitukset,https://valtioneuvosto.fi/hallitukset-ja-ministerit/hallitukset/,2026-08-22
28,028_castren_u,Castren U.,Castren U.,1944-09-21,1944-11-17,False,58,58,Kansallinen Kokoomus,Enemmistö,valtioneuvosto_hallitukset,https://valtioneuvosto.fi/hallitukset-ja-ministerit/hallitukset/,2026-08-22
29,029_paasikivi_ii,Paasikivi II,Paasikivi,1944-11-17,1945-04-17,False,152,152,Ammatti/virkamies,Enemmistö,valtioneuvosto_hallitukset,https://valtioneuvosto.fi/hallitukset-ja-ministerit/hallitukset/,2026-08-22
30,030_paasikivi_iii,Paasikivi III,Paasikivi,1945-04-17,1946-03-26,False,344,344,Ammatti/virkamies,Enemmistö,valtioneuvosto_hallitukset,https://valtioneuvosto.fi/hallitukset-ja-ministerit/hallitukset/,2026-08-22
31,031_pekkala,Pekkala,Pekkala,1946-03-26,1948-07-29,False,857,857,"Suomen Kansan Demokraattinen Liitto, SKDL",Enemmistö,valtioneuvosto_hallitukset,https://valtioneuvosto.fi/hallitukset-ja-ministerit/hallitukset/,2026-08-22
32,032_fagerholm,Fagerholm,Fagerholm,1948-07-29,1950-03-17,False,597,597,Suomen Sosialidemokraattinen Puolue,Vähemmistö,valtioneuvosto_hallitukset,https://valtioneuvosto.fi/hallitukset-ja-ministerit/hallitukset/,2026-08-22
33,033_kekkonen,Kekkonen,Kekkonen,1950-03-17,1951-01-17,False,307,307,Maalaisliitto,Vähemmistö,valtioneuvosto_hallitukset,https://valtioneuvosto.fi/hallitukset-ja-ministerit/hallitukset/,2026-08-22
34,034_kekkonen_ii,Kekkonen II,Kekkonen,1951-01-17,1951-09-20,False,247,247,Maalaisliitto,Enemmistö,valtioneuvosto_hallitukset,https://valtioneuvosto.fi/hallitukset-ja-ministerit/hallitukset/,2026-08-22
35,035_kekkonen_iii,Kekkonen III,Kekkonen,1951-09-20,1953-07-09,False,659,659,Maalaisliitto,Enemmistö,valtioneuvosto_hallitukset,https://valtioneuvosto.fi/hallitukset-ja-ministerit/hallitukset/,2026-08-22
36,036_kekkonen_iv,Kekkonen IV,Kekkonen,1953-07-09,1953-11-17,False,132,132,Maalaisliitto,Vähemmistö,valtioneuvosto_hallitukset,https://valtioneuvosto.fi/hallitukset-ja-ministerit/hallitukset/,2026-08-22
37,037_tuomioja,Tuomioja,Tuomioja,1953-11-17,1954-05-05,False,170,170,Vapaamielisten liitto,Virkamies,valtioneuvosto_hallitukset,https://valtioneuvosto.fi/hallitukset-ja-ministerit/hallitukset/,2026-08-22
38,038_torngren,Törngren,Törngren,1954-05-05,1954-10-20,False,169,169,Ruotsalainen kansanpuolue,Enemmistö,valtioneuvosto_hallitukset,https://valtioneuvosto.fi/hallitukset-ja-ministerit/hallitukset/,2026-08-22
39,039_kekkonen_v,Kekkonen V,Kekkonen,1954-10-20,1956-03-03,False,501,501,Maalaisliitto,Enemmistö,valtioneuvosto_hallitukset,https://valtioneuvosto.fi/hallitukset-ja-ministerit/hallitukset/,2026-08-22
40,040_fagerholm_ii,Fagerholm II,Fagerholm,1956-03-03,1957-05-27,False,451,451,Suomen Sosialidemokraattinen Puolue,Enemmistö,valtioneuvosto_hallitukset,https://valtioneuvosto.fi/hallitukset-ja-ministerit/hallitukset/,2026-08-22
41,041_sukselainen,Sukselainen,Sukselainen,1957-05-27,1957-11-29,False,187,187,Maalaisliitto,Vähemmistö,valtioneuvosto_hallitukset,https://valtioneuvosto.fi/hallitukset-ja-ministerit/hallitukset/,2026-08-22
42,042_von_fieandt,von Fieandt,von Fieandt,1957-11-29,1958-04-26,False,149,149,Ammatti/virkamies,Virkamies,valtioneuvosto_hallitukset,https://valtioneuvosto.fi/hallitukset-ja-ministerit/hallitukset/,2026-08-22
43,043_kuuskoski,Kuuskoski,Kuuskoski,1958-04-26,1958-08-29,False,126,126,Ammatti/virkamies,Virkamies,valtioneuvosto_hallitukset,https://valtioneuvosto.fi/hallitukset-ja-ministerit/hallitukset/,2026-08-22
44,044_fagerholm_iii,Fagerholm III,Fagerholm,1958-08-29,1959-01-13,False,138,138,Suomen Sosialidemokraattinen Puolue,Enemmistö,valtioneuvosto_hallitukset,https://valtioneuvosto.fi/hallitukset-ja-ministerit/hallitukset/,2026-08-22
45,045_sukselainen_ii,Sukselainen II,Sukselainen,1959-01-13,1961-07-14,False,914,914,Maalaisliitto,Vähemmistö,valtioneuvosto_hallitukset,https://valtioneuvosto.fi/hallitukset-ja-ministerit/hallitukset/,2026-08-22
46,046_miettunen,Miettunen,Miettunen,1961-07-14,1962-04-13,False,274,274,Maalaisliitto,Vähemmistö,valtioneuvosto_hallitukset,https://valtioneuvosto.fi/hallitukset-ja-ministerit/hallitukset/,2026-08-22
47,047_karjalainen,Karjalainen,Karjalainen,1962-04-13,1963-12-18,False,615,615,Maalaisliitto,Enemmistö,valtioneuvosto_hallitukset,https://valtioneuvosto.fi/hallitukset-ja-ministerit/hallitukset/,2026-08-22
48,048_lehto,Lehto,Lehto,1963-12-18,1964-09-12,False,270,270,Ammatti/virkamies,Virkamies,valtioneuvosto_hallitukset,https://valtioneuvosto.fi/hallitukset-ja-ministerit/hallitukset/,2026-08-22
49,049_virolainen,Virolainen,Virolainen,1964-09-12,1966-05-27,False,623,623,Maalaisliitto,Enemmistö,valtioneuvosto_hallitukset,https://valtioneuvosto.fi/hallitukset-ja-ministerit/hallitukset/,2026-08-22
50,050_paasio,Paasio,Paasio,1966-05-27,1968-03-22,False,666,666,Suomen Sosialidemokraattinen Puolue,Enemmistö,valtioneuvosto_hallitukset,https://valtioneuvosto.fi/hallitukset-ja-ministerit/hallitukset/,2026-08-22
51,051_koivisto,Koivisto,Koivisto,1968-03-22,1970-05-14,False,784,784,Suomen Sosialidemokraattinen Puolue,Enemmistö,valtioneuvosto_hallitukset,https://valtioneuvosto.fi/hallitukset-ja-ministerit/hallitukset/,2026-08-22
52,052_aura,Aura,Aura,1970-05-14,1970-07-15,False,63,63,Ammatti/virkamies,Virkamies,valtioneuvosto_hallitukset,https://valtioneuvosto.fi/hallitukset-ja-ministerit/hallitukset/,2026-08-22
53,053_karjalainen_ii,Karjalainen II,Karjalainen,1970-07-15,1971-10-29,False,472,472,Keskustapuolue,Enemmistö,valtioneuvosto_hallitukset,https://valtioneuvosto.fi/hallitukset-ja-ministerit/hallitukset/,2026-08-22
54,054_aura_ii,Aura II,Aura,1971-10-29,1972-02-23,False,118,118,Ammatti/virkamies,Virkamies,valtioneuvosto_hallitukset,https://valtioneuvosto.fi/hallitukset-ja-ministerit/hallitukset/,2026-08-22
55,055_paasio_ii,Paasio II,Paasio,1972-02-23,1972-09-04,False,195,195,Suomen Sosialidemokraattinen Puolue,Vähemmistö,valtioneuvosto_hallitukset,https://valtioneuvosto.fi/hallitukset-ja-ministerit/hallitukset/,2026-08-22
56,056_sorsa,Sorsa,Sorsa,1972-09-04,1975-06-13,False,1013,1013,Suomen Sosialidemokraattinen Puolue,Enemmistö,valtioneuvosto_hallitukset,https://valtioneuvosto.fi/hallitukset-ja-ministerit/hallitukset/,2026-08-22
57,057_liinamaa,Liinamaa,Liinamaa,1975-06-13,1975-11-30,False,171,171,Ammatti/virkamies,Virkamies,valtioneuvosto_hallitukset,https://valtioneuvosto.fi/hallitukset-ja-ministerit/hallitukset/,2026-08-22
58,058_miettunen_ii,Miettunen II,Miettunen,1975-11-30,1976-09-29,False,305,305,Keskustapuolue,Enemmistö,valtioneuvosto_hallitukset,https://valtioneuvosto.fi/hallitukset-ja-ministerit/hallitukset/,2026-08-22
59,059_miettunen_iii,Miettunen III,Miettunen,1976-09-29,1977-05-15,False,229,229,Keskustapuolue,Vähemmistö,valtioneuvosto_hallitukset,https://valtioneuvosto.fi/hallitukset-ja-ministerit/hallitukset/,2026-08-22
60,060_sorsa_ii,Sorsa II,Sorsa,1977-05-15,1979-05-26,False,742,742,Suomen Sosialidemokraattinen Puolue,Enemmistö,valtioneuvosto_hallitukset,https://valtioneuvosto.fi/hallitukset-ja-ministerit/hallitukset/,2026-08-22
61,061_koivisto_ii,Koivisto II,Koivisto,1979-05-26,1982-02-19,False,1001,1001,Suomen Sosialidemokraattinen Puolue,Enemmistö,valtioneuvosto_hallitukset,https://valtioneuvosto.fi/hallitukset-ja-ministerit/hallitukset/,2026-08-22
62,062_sorsa_iii,Sorsa III,Sorsa,1982-02-19,1983-05-06,False,442,442,Suomen Sosialidemokraattinen Puolue,Enemmistö,valtioneuvosto_hallitukset,https://valtioneuvosto.fi/hallitukset-ja-ministerit/hallitukset/,2026-08-22
63,063_sorsa_iv,Sorsa IV,Sorsa,1983-05-06,1987-04-30,False,1456,1456,Suomen Sosialidemokraattinen Puolue,Enemmistö,valtioneuvosto_hallitukset,https://valtioneuvosto.fi/hallitukset-ja-ministerit/hallitukset/,2026-08-22
64,064_holkeri,Holkeri,Holkeri,1987-04-30,1991-04-26,False,1458,1458,Kansallinen Kokoomus,Enemmistö,valtioneuvosto_hallitukset,https://valtioneuvosto.fi/hallitukset-ja-ministerit/hallitukset/,2026-08-22
65,065_aho,Aho,Aho,1991-04-26,1995-04-13,False,1449,1449,Suomen Keskusta,Enemmistö,valtioneuvosto_hallitukset,https://valtioneuvosto.fi/hallitukset-ja-ministerit/hallitukset/,2026-08-22
66,066_lipponen,Lipponen,Lipponen,1995-04-13,1999-04-15,False,1464,1464,Suomen Sosialidemokraattinen Puolue,Enemmistö,valtioneuvosto_hallitukset,https://valtioneuvosto.fi/hallitukset-ja-ministerit/hallitukset/,2026-08-22
67,067_lipponen_ii,Lipponen II,Lipponen,1999-04-15,2003-04-17,False,1464,1464,Suomen Sosialidemokraattinen Puolue,Enemmistö,valtioneuvosto_hallitukset,https://valtioneuvosto.fi/hallitukset-ja-ministerit/hallitukset/,2026-08-22
68,068_jaatteenmaki,Jäätteenmäki,Jäätteenmäki,2003-04-17,2003-06-24,False,69,69,Suomen Keskusta,Enemmistö,valtioneuvosto_hallitukset,https://valtioneuvosto.fi/hallitukset-ja-ministerit/hallitukset/,2026-08-22
69,069_vanhanen,Vanhanen,Vanhanen,2003-06-24,2007-04-19,False,1396,1396,Suomen Keskusta,Enemmistö,valtioneuvosto_hallitukset,https://valtioneuvosto.fi/hallitukset-ja-ministerit/hallitukset/,2026-08-22
70,070_vanhanen_ii,Vanhanen II,Vanhanen,2007-04-19,2010-06-22,False,1161,1161,Suomen Keskusta,Enemmistö,valtioneuvosto_hallitukset,https://valtioneuvosto.fi/hallitukset-ja-ministerit/hallitukset/,2026-08-22
71,071_kiviniemi,Kiviniemi,Kiviniemi,2010-06-22,2011-06-22,False,366,366,Suomen Keskusta,Enemmistö,valtioneuvosto_hallitukset,https://valtioneuvosto.fi/hallitukset-ja-ministerit/hallitukset/,2026-08-22
72,072_katainen,Katainen,Katainen,2011-06-22,2014-06-24,False,1099,1099,Kansallinen Kokoomus,Enemmistö,valtioneuvosto_hallitukset,https://valtioneuvosto.fi/hallitukset-ja-ministerit/hallitukset/,2026-08-22
73,073_stubb,Stubb,Stubb,2014-06-24,2015-05-29,False,340,340,Kansallinen Kokoomus,Enemmistö,valtioneuvosto_hallitukset,https://valtioneuvosto.fi/hallitukset-ja-ministerit/hallitukset/,2026-08-22
74,074_sipila,Sipilä,Sipilä,2015-05-29,2019-06-06,False,1470,1470,Suomen Keskusta,Enemmistö,valtioneuvosto_hallitukset,https://valtioneuvosto.fi/hallitukset-ja-ministerit/hallitukset/,2026-08-22
75,075_rinne,Rinne,Rinne,2019-06-06,2019-12-10,False,188,188,Suomen Sosialidemokraattinen Puolue,Enemmistö,valtioneuvosto_hallitukset,https://valtioneuvosto.fi/hallitukset-ja-ministerit/hallitukset/,2026-08-22
76,076_marin,Marin,Marin,2019-12-10,2023-06-20,False,1289,1289,Suomen Sosialidemokraattinen Puolue,Enemmistö,valtioneuvosto_hallitukset,https://valtioneuvosto.fi/hallitukset-ja-ministerit/hallitukset/,2026-08-22
77,077_orpo,Orpo,Orpo,2023-06-20,,True,1160,,Kansallinen Kokoomus,Enemmistö,valtioneuvosto_hallitukset,https://valtioneuvosto.fi/hallitukset-ja-ministerit/hallitukset/,2026-08-22
