indicator_code,semantic_metric_id,indicator_name_fi,indicator_name_sv,indicator_name_en,task_name_fi,task_name_sv,task_name_en,planning_stage,value_year_offset,level,service_class,sector,entrypoint,taxonomy_version,technical_taxonomy_version,subpackage,mandatory,protected,is_core_metric,unit,source_id,source_url,vintage_date
4,,"Aineet, tarvikkeet ja tavarat","Material, förnödenheter och varor",Raw materials and consumables,Talousarvio 202x,Budget 202x,Budget 202x,current_budget,0,2,Kaikki palvelu- ja tehtäväluokat,,KTAS,jhs-2019-03,2019-08-31,k-t05,True,,false,,state_treasury_municipal_ktas_taxonomy,https://tkdpprodjrpstacc02.blob.core.windows.net/kuntataloudentaksonomia/KTAS.json,2026-08-18
15,service_purchases_eur,Palvelujen ostot,Köp av tjänster,Services purchased,Talousarvio 202x,Budget 202x,Budget 202x,current_budget,0,2,Kaikki palvelu- ja tehtäväluokat,,KTAS,jhs-2019-03,2019-08-31,k-t05,True,,true,EUR,state_treasury_municipal_ktas_taxonomy,https://tkdpprodjrpstacc02.blob.core.windows.net/kuntataloudentaksonomia/KTAS.json,2026-08-18
16,operating_income_eur,Toimintatulot,Verksamhetsintäkter,Operating income,Talousarvio 202x,Budget 202x,Budget 202x,current_budget,0,1,Kaikki palvelu- ja tehtäväluokat,,KTAS,jhs-2019-03,2019-08-31,k-t05,,,true,EUR,state_treasury_municipal_ktas_taxonomy,https://tkdpprodjrpstacc02.blob.core.windows.net/kuntataloudentaksonomia/KTAS.json,2026-08-18
29,,Rahoitusosuudet investointimenoihin,Finansieringsandelar för investeringsutgifter,Contributions to investment expenditure,Laadintakauden talousarvio 202x-1 (mukaan lukien talousarviomuutokset),Budget för perioden 202x-1 (inklusive budgetändringar),Drafting period budget 202x-1 (including budget changes),prior_year_amended_budget,-1,1,Kaikki palvelu- ja tehtäväluokat,,KTAS,jhs-2019-03,2019-08-31,k-t05,True,,false,,state_treasury_municipal_ktas_taxonomy,https://tkdpprodjrpstacc02.blob.core.windows.net/kuntataloudentaksonomia/KTAS.json,2026-08-18
45,,Rahoitustulot (+) ja -menot (-),Finansiella intäkter (+) och kostnader (-),Financial revenue (+) and expenditure (-),Talousarvio 202x,Budget 202x,Budget 202x,current_budget,0,1,Kaikki palvelu- ja tehtäväluokat,,KTAS,jhs-2019-03,2019-08-31,k-t05,True,,false,,state_treasury_municipal_ktas_taxonomy,https://tkdpprodjrpstacc02.blob.core.windows.net/kuntataloudentaksonomia/KTAS.json,2026-08-18
62,,Y-tunnus,FO-nummer,Business ID,Raportin tiedot,Uppgifter i rapporten,Report details,,,1,,,KTAS,jhs-2019-03,2019-08-31,t00,True,,false,,state_treasury_municipal_ktas_taxonomy,https://tkdpprodjrpstacc02.blob.core.windows.net/kuntataloudentaksonomia/KTAS.json,2026-08-18
82,personnel_expenses_eur,Henkilöstömenot,Personalkostnader,Staff expenditure,Laadintakauden talousarvio 202x-1 (mukaan lukien talousarviomuutokset),Budget för perioden 202x-1 (inklusive budgetändringar),Drafting period budget 202x-1 (including budget changes),prior_year_amended_budget,-1,2,Kaikki palvelu- ja tehtäväluokat,,KTAS,jhs-2019-03,2019-08-31,k-t05,True,,true,EUR,state_treasury_municipal_ktas_taxonomy,https://tkdpprodjrpstacc02.blob.core.windows.net/kuntataloudentaksonomia/KTAS.json,2026-08-18
124,,Satunnaiset erät,Extraordinära poster,Extraordinary items,Laadintakauden talousarvio 202x-1 (mukaan lukien talousarviomuutokset),Budget för perioden 202x-1 (inklusive budgetändringar),Drafting period budget 202x-1 (including budget changes),prior_year_amended_budget,-1,1,Kaikki palvelu- ja tehtäväluokat,,KTAS,jhs-2019-03,2019-08-31,k-t05,True,,false,,state_treasury_municipal_ktas_taxonomy,https://tkdpprodjrpstacc02.blob.core.windows.net/kuntataloudentaksonomia/KTAS.json,2026-08-18
138,,Satunnaiset erät,Extraordinära poster,Extraordinary items,Taloussuunnitelma 202x+1,Ekonomiplan 202x+1,Financial plan 202x+1,plan_year_plus_1,1,1,Kaikki palvelu- ja tehtäväluokat,,KTAS,jhs-2019-03,2019-08-31,k-t05,True,,false,,state_treasury_municipal_ktas_taxonomy,https://tkdpprodjrpstacc02.blob.core.windows.net/kuntataloudentaksonomia/KTAS.json,2026-08-18
152,,Satunnaiset erät,Extraordinära poster,Extraordinary items,Taloussuunnitelma 202x+2,Ekonomiplan 202x+2,Financial plan 202x+2,plan_year_plus_2,2,1,Kaikki palvelu- ja tehtäväluokat,,KTAS,jhs-2019-03,2019-08-31,k-t05,True,,false,,state_treasury_municipal_ktas_taxonomy,https://tkdpprodjrpstacc02.blob.core.windows.net/kuntataloudentaksonomia/KTAS.json,2026-08-18
154,,Muut toimintamenot,Övriga omkostnader,Other operating expenditure,Taloussuunnitelma 202x+1,Ekonomiplan 202x+1,Financial plan 202x+1,plan_year_plus_1,1,2,Kaikki palvelu- ja tehtäväluokat,,KTAS,jhs-2019-03,2019-08-31,k-t05,True,,false,,state_treasury_municipal_ktas_taxonomy,https://tkdpprodjrpstacc02.blob.core.windows.net/kuntataloudentaksonomia/KTAS.json,2026-08-18
156,,TOIMINTAKATE,Verksamhetsbidrag,Operating margin,Laadintakauden talousarvio 202x-1 (mukaan lukien talousarviomuutokset),Budget för perioden 202x-1 (inklusive budgetändringar),Drafting period budget 202x-1 (including budget changes),prior_year_amended_budget,-1,1,Kaikki palvelu- ja tehtäväluokat,,KTAS,jhs-2019-03,2019-08-31,k-t05,,,false,,state_treasury_municipal_ktas_taxonomy,https://tkdpprodjrpstacc02.blob.core.windows.net/kuntataloudentaksonomia/KTAS.json,2026-08-18
166,,Valmistevarastojen muutos,Förändring av produktlager,Change in stocks of products,Laadintakauden talousarvio 202x-1 (mukaan lukien talousarviomuutokset),Budget för perioden 202x-1 (inklusive budgetändringar),Drafting period budget 202x-1 (including budget changes),prior_year_amended_budget,-1,1,Kaikki palvelu- ja tehtäväluokat,,KTAS,jhs-2019-03,2019-08-31,k-t05,True,,false,,state_treasury_municipal_ktas_taxonomy,https://tkdpprodjrpstacc02.blob.core.windows.net/kuntataloudentaksonomia/KTAS.json,2026-08-18
213,,Satunnaiset erät,Extraordinära poster,Extraordinary items,Talousarvio 202x,Budget 202x,Budget 202x,current_budget,0,1,Kaikki palvelu- ja tehtäväluokat,,KTAS,jhs-2019-03,2019-08-31,k-t05,True,,false,,state_treasury_municipal_ktas_taxonomy,https://tkdpprodjrpstacc02.blob.core.windows.net/kuntataloudentaksonomia/KTAS.json,2026-08-18
237,annual_margin_eur,VUOSIKATE,Årsbidrag,Annual margin,Taloussuunnitelma 202x+2,Ekonomiplan 202x+2,Financial plan 202x+2,plan_year_plus_2,2,1,Kaikki palvelu- ja tehtäväluokat,,KTAS,jhs-2019-03,2019-08-31,k-t05,,,true,EUR,state_treasury_municipal_ktas_taxonomy,https://tkdpprodjrpstacc02.blob.core.windows.net/kuntataloudentaksonomia/KTAS.json,2026-08-18
253,,Valmistus omaan käyttöön,Tillverkning för eget bruk,Manufacturing for own use,Laadintakauden talousarvio 202x-1 (mukaan lukien talousarviomuutokset),Budget för perioden 202x-1 (inklusive budgetändringar),Drafting period budget 202x-1 (including budget changes),prior_year_amended_budget,-1,1,Kaikki palvelu- ja tehtäväluokat,,KTAS,jhs-2019-03,2019-08-31,k-t05,True,,false,,state_treasury_municipal_ktas_taxonomy,https://tkdpprodjrpstacc02.blob.core.windows.net/kuntataloudentaksonomia/KTAS.json,2026-08-18
296,,Muut toimintamenot,Övriga omkostnader,Other operating expenditure,Taloussuunnitelma 202x+2,Ekonomiplan 202x+2,Financial plan 202x+2,plan_year_plus_2,2,2,Kaikki palvelu- ja tehtäväluokat,,KTAS,jhs-2019-03,2019-08-31,k-t05,True,,false,,state_treasury_municipal_ktas_taxonomy,https://tkdpprodjrpstacc02.blob.core.windows.net/kuntataloudentaksonomia/KTAS.json,2026-08-18
328,annual_margin_eur,VUOSIKATE,Årsbidrag,Annual margin,Taloussuunnitelma 202x+1,Ekonomiplan 202x+1,Financial plan 202x+1,plan_year_plus_1,1,1,Kaikki palvelu- ja tehtäväluokat,,KTAS,jhs-2019-03,2019-08-31,k-t05,,,true,EUR,state_treasury_municipal_ktas_taxonomy,https://tkdpprodjrpstacc02.blob.core.windows.net/kuntataloudentaksonomia/KTAS.json,2026-08-18
388,service_purchases_eur,Palvelujen ostot,Köp av tjänster,Services purchased,Laadintakauden talousarvio 202x-1 (mukaan lukien talousarviomuutokset),Budget för perioden 202x-1 (inklusive budgetändringar),Drafting period budget 202x-1 (including budget changes),prior_year_amended_budget,-1,2,Kaikki palvelu- ja tehtäväluokat,,KTAS,jhs-2019-03,2019-08-31,k-t05,True,,true,EUR,state_treasury_municipal_ktas_taxonomy,https://tkdpprodjrpstacc02.blob.core.windows.net/kuntataloudentaksonomia/KTAS.json,2026-08-18
466,,Valmistus omaan käyttöön,Tillverkning för eget bruk,Manufacturing for own use,Talousarvio 202x,Budget 202x,Budget 202x,current_budget,0,1,Kaikki palvelu- ja tehtäväluokat,,KTAS,jhs-2019-03,2019-08-31,k-t05,True,,false,,state_treasury_municipal_ktas_taxonomy,https://tkdpprodjrpstacc02.blob.core.windows.net/kuntataloudentaksonomia/KTAS.json,2026-08-18
473,personnel_expenses_eur,Henkilöstömenot,Personalkostnader,Staff expenditure,Talousarvio 202x,Budget 202x,Budget 202x,current_budget,0,2,Kaikki palvelu- ja tehtäväluokat,,KTAS,jhs-2019-03,2019-08-31,k-t05,True,,true,EUR,state_treasury_municipal_ktas_taxonomy,https://tkdpprodjrpstacc02.blob.core.windows.net/kuntataloudentaksonomia/KTAS.json,2026-08-18
492,,Raportointijakson päättymispäivämäärä,Rapporteringsperiodens slutdatum,Reporting period end date,Raportin tiedot,Uppgifter i rapporten,Report details,,,1,,,KTAS,jhs-2019-03,2019-08-31,t00,True,,false,,state_treasury_municipal_ktas_taxonomy,https://tkdpprodjrpstacc02.blob.core.windows.net/kuntataloudentaksonomia/KTAS.json,2026-08-18
507,service_purchases_eur,Palvelujen ostot,Köp av tjänster,Services purchased,Taloussuunnitelma 202x+1,Ekonomiplan 202x+1,Financial plan 202x+1,plan_year_plus_1,1,2,Kaikki palvelu- ja tehtäväluokat,,KTAS,jhs-2019-03,2019-08-31,k-t05,True,,true,EUR,state_treasury_municipal_ktas_taxonomy,https://tkdpprodjrpstacc02.blob.core.windows.net/kuntataloudentaksonomia/KTAS.json,2026-08-18
511,,Raportointijakson alkamispäivämäärä,Rapporteringsperiodens startdatum,Reporting period start date,Raportin tiedot,Uppgifter i rapporten,Report details,,,1,,,KTAS,jhs-2019-03,2019-08-31,t00,True,,false,,state_treasury_municipal_ktas_taxonomy,https://tkdpprodjrpstacc02.blob.core.windows.net/kuntataloudentaksonomia/KTAS.json,2026-08-18
523,service_purchases_eur,Palvelujen ostot,Köp av tjänster,Services purchased,Taloussuunnitelma 202x+2,Ekonomiplan 202x+2,Financial plan 202x+2,plan_year_plus_2,2,2,Kaikki palvelu- ja tehtäväluokat,,KTAS,jhs-2019-03,2019-08-31,k-t05,True,,true,EUR,state_treasury_municipal_ktas_taxonomy,https://tkdpprodjrpstacc02.blob.core.windows.net/kuntataloudentaksonomia/KTAS.json,2026-08-18
545,,TOIMINTAKATE,Verksamhetsbidrag,Operating margin,Talousarvio 202x,Budget 202x,Budget 202x,current_budget,0,1,Kaikki palvelu- ja tehtäväluokat,,KTAS,jhs-2019-03,2019-08-31,k-t05,,,false,,state_treasury_municipal_ktas_taxonomy,https://tkdpprodjrpstacc02.blob.core.windows.net/kuntataloudentaksonomia/KTAS.json,2026-08-18
549,,Muut toimintamenot,Övriga omkostnader,Other operating expenditure,Laadintakauden talousarvio 202x-1 (mukaan lukien talousarviomuutokset),Budget för perioden 202x-1 (inklusive budgetändringar),Drafting period budget 202x-1 (including budget changes),prior_year_amended_budget,-1,2,Kaikki palvelu- ja tehtäväluokat,,KTAS,jhs-2019-03,2019-08-31,k-t05,True,,false,,state_treasury_municipal_ktas_taxonomy,https://tkdpprodjrpstacc02.blob.core.windows.net/kuntataloudentaksonomia/KTAS.json,2026-08-18
561,,Muut toimintamenot,Övriga omkostnader,Other operating expenditure,Talousarvio 202x,Budget 202x,Budget 202x,current_budget,0,2,Kaikki palvelu- ja tehtäväluokat,,KTAS,jhs-2019-03,2019-08-31,k-t05,True,,false,,state_treasury_municipal_ktas_taxonomy,https://tkdpprodjrpstacc02.blob.core.windows.net/kuntataloudentaksonomia/KTAS.json,2026-08-18
576,annual_margin_eur,VUOSIKATE,Årsbidrag,Annual margin,Laadintakauden talousarvio 202x-1 (mukaan lukien talousarviomuutokset),Budget för perioden 202x-1 (inklusive budgetändringar),Drafting period budget 202x-1 (including budget changes),prior_year_amended_budget,-1,1,Kaikki palvelu- ja tehtäväluokat,,KTAS,jhs-2019-03,2019-08-31,k-t05,,,true,EUR,state_treasury_municipal_ktas_taxonomy,https://tkdpprodjrpstacc02.blob.core.windows.net/kuntataloudentaksonomia/KTAS.json,2026-08-18
584,,Verotulot,Skatteinkomster,Tax revenue,Talousarvio 202x,Budget 202x,Budget 202x,current_budget,0,1,Kaikki palvelu- ja tehtäväluokat,,KTAS,jhs-2019-03,2019-08-31,k-t05,True,,false,,state_treasury_municipal_ktas_taxonomy,https://tkdpprodjrpstacc02.blob.core.windows.net/kuntataloudentaksonomia/KTAS.json,2026-08-18
606,,Rahoitustulot (+) ja -menot (-),Finansiella intäkter (+) och kostnader (-),Financial revenue (+) and expenditure (-),Laadintakauden talousarvio 202x-1 (mukaan lukien talousarviomuutokset),Budget för perioden 202x-1 (inklusive budgetändringar),Drafting period budget 202x-1 (including budget changes),prior_year_amended_budget,-1,1,Kaikki palvelu- ja tehtäväluokat,,KTAS,jhs-2019-03,2019-08-31,k-t05,True,,false,,state_treasury_municipal_ktas_taxonomy,https://tkdpprodjrpstacc02.blob.core.windows.net/kuntataloudentaksonomia/KTAS.json,2026-08-18
627,,Avustukset,Bidrag,Subsidies,Talousarvio 202x,Budget 202x,Budget 202x,current_budget,0,2,Kaikki palvelu- ja tehtäväluokat,,KTAS,jhs-2019-03,2019-08-31,k-t05,True,,false,,state_treasury_municipal_ktas_taxonomy,https://tkdpprodjrpstacc02.blob.core.windows.net/kuntataloudentaksonomia/KTAS.json,2026-08-18
632,operating_expenses_eur,Toimintamenot,Omkostnader,Operating expenses,Talousarvio 202x,Budget 202x,Budget 202x,current_budget,0,1,Kaikki palvelu- ja tehtäväluokat,,KTAS,jhs-2019-03,2019-08-31,k-t05,,,true,EUR,state_treasury_municipal_ktas_taxonomy,https://tkdpprodjrpstacc02.blob.core.windows.net/kuntataloudentaksonomia/KTAS.json,2026-08-18
659,,Valmistevarastojen muutos,Förändring av produktlager,Change in stocks of products,Taloussuunnitelma 202x+1,Ekonomiplan 202x+1,Financial plan 202x+1,plan_year_plus_1,1,1,Kaikki palvelu- ja tehtäväluokat,,KTAS,jhs-2019-03,2019-08-31,k-t05,True,,false,,state_treasury_municipal_ktas_taxonomy,https://tkdpprodjrpstacc02.blob.core.windows.net/kuntataloudentaksonomia/KTAS.json,2026-08-18
709,,Valmistevarastojen muutos,Förändring av produktlager,Change in stocks of products,Taloussuunnitelma 202x+2,Ekonomiplan 202x+2,Financial plan 202x+2,plan_year_plus_2,2,1,Kaikki palvelu- ja tehtäväluokat,,KTAS,jhs-2019-03,2019-08-31,k-t05,True,,false,,state_treasury_municipal_ktas_taxonomy,https://tkdpprodjrpstacc02.blob.core.windows.net/kuntataloudentaksonomia/KTAS.json,2026-08-18
769,operating_income_eur,Toimintatulot,Verksamhetsintäkter,Operating income,Taloussuunnitelma 202x+2,Ekonomiplan 202x+2,Financial plan 202x+2,plan_year_plus_2,2,1,Kaikki palvelu- ja tehtäväluokat,,KTAS,jhs-2019-03,2019-08-31,k-t05,,,true,EUR,state_treasury_municipal_ktas_taxonomy,https://tkdpprodjrpstacc02.blob.core.windows.net/kuntataloudentaksonomia/KTAS.json,2026-08-18
805,operating_income_eur,Toimintatulot,Verksamhetsintäkter,Operating income,Taloussuunnitelma 202x+1,Ekonomiplan 202x+1,Financial plan 202x+1,plan_year_plus_1,1,1,Kaikki palvelu- ja tehtäväluokat,,KTAS,jhs-2019-03,2019-08-31,k-t05,,,true,EUR,state_treasury_municipal_ktas_taxonomy,https://tkdpprodjrpstacc02.blob.core.windows.net/kuntataloudentaksonomia/KTAS.json,2026-08-18
831,,Valtionosuudet,Statsandelar,Central government transfers,Taloussuunnitelma 202x+2,Ekonomiplan 202x+2,Financial plan 202x+2,plan_year_plus_2,2,1,Kaikki palvelu- ja tehtäväluokat,,KTAS,jhs-2019-03,2019-08-31,k-t05,True,,false,,state_treasury_municipal_ktas_taxonomy,https://tkdpprodjrpstacc02.blob.core.windows.net/kuntataloudentaksonomia/KTAS.json,2026-08-18
838,,Verotulot,Skatteinkomster,Tax revenue,Taloussuunnitelma 202x+1,Ekonomiplan 202x+1,Financial plan 202x+1,plan_year_plus_1,1,1,Kaikki palvelu- ja tehtäväluokat,,KTAS,jhs-2019-03,2019-08-31,k-t05,True,,false,,state_treasury_municipal_ktas_taxonomy,https://tkdpprodjrpstacc02.blob.core.windows.net/kuntataloudentaksonomia/KTAS.json,2026-08-18
839,,Valtionosuudet,Statsandelar,Central government transfers,Taloussuunnitelma 202x+1,Ekonomiplan 202x+1,Financial plan 202x+1,plan_year_plus_1,1,1,Kaikki palvelu- ja tehtäväluokat,,KTAS,jhs-2019-03,2019-08-31,k-t05,True,,false,,state_treasury_municipal_ktas_taxonomy,https://tkdpprodjrpstacc02.blob.core.windows.net/kuntataloudentaksonomia/KTAS.json,2026-08-18
850,,Verotulot,Skatteinkomster,Tax revenue,Taloussuunnitelma 202x+2,Ekonomiplan 202x+2,Financial plan 202x+2,plan_year_plus_2,2,1,Kaikki palvelu- ja tehtäväluokat,,KTAS,jhs-2019-03,2019-08-31,k-t05,True,,false,,state_treasury_municipal_ktas_taxonomy,https://tkdpprodjrpstacc02.blob.core.windows.net/kuntataloudentaksonomia/KTAS.json,2026-08-18
875,,Avustukset,Bidrag,Subsidies,Taloussuunnitelma 202x+1,Ekonomiplan 202x+1,Financial plan 202x+1,plan_year_plus_1,1,2,Kaikki palvelu- ja tehtäväluokat,,KTAS,jhs-2019-03,2019-08-31,k-t05,True,,false,,state_treasury_municipal_ktas_taxonomy,https://tkdpprodjrpstacc02.blob.core.windows.net/kuntataloudentaksonomia/KTAS.json,2026-08-18
885,,Raportoivan tahon muu tunnus,Övrig beteckning på rapporterande instans,Reporting entity other identifier,Raportin tiedot,Uppgifter i rapporten,Report details,,,1,,,KTAS,jhs-2019-03,2019-08-31,t00,,,false,,state_treasury_municipal_ktas_taxonomy,https://tkdpprodjrpstacc02.blob.core.windows.net/kuntataloudentaksonomia/KTAS.json,2026-08-18
894,,Avustukset,Bidrag,Subsidies,Taloussuunnitelma 202x+2,Ekonomiplan 202x+2,Financial plan 202x+2,plan_year_plus_2,2,2,Kaikki palvelu- ja tehtäväluokat,,KTAS,jhs-2019-03,2019-08-31,k-t05,True,,false,,state_treasury_municipal_ktas_taxonomy,https://tkdpprodjrpstacc02.blob.core.windows.net/kuntataloudentaksonomia/KTAS.json,2026-08-18
954,,TILIKAUDEN YLIJÄÄMÄ (ALIJÄÄMÄ),Räkenskapsperiodens överskott (underskott),Surplus for the financial year(deficit),Laadintakauden talousarvio 202x-1 (mukaan lukien talousarviomuutokset),Budget för perioden 202x-1 (inklusive budgetändringar),Drafting period budget 202x-1 (including budget changes),prior_year_amended_budget,-1,1,Kaikki palvelu- ja tehtäväluokat,,KTAS,jhs-2019-03,2019-08-31,k-t05,,,false,,state_treasury_municipal_ktas_taxonomy,https://tkdpprodjrpstacc02.blob.core.windows.net/kuntataloudentaksonomia/KTAS.json,2026-08-18
969,,Investointihyödykkeiden luovutustulot (brutto),Överlåtelseintäkter från investeringstillgångar (brutto),Gross capital gains on investment goods,Taloussuunnitelma 202x+2,Ekonomiplan 202x+2,Financial plan 202x+2,plan_year_plus_2,2,1,Kaikki palvelu- ja tehtäväluokat,,KTAS,jhs-2019-03,2019-08-31,k-t05,True,,false,,state_treasury_municipal_ktas_taxonomy,https://tkdpprodjrpstacc02.blob.core.windows.net/kuntataloudentaksonomia/KTAS.json,2026-08-18
981,,Henkilötyövuodet,Årsverken,Person-years,Laadintakauden talousarvio 202x-1 (mukaan lukien talousarviomuutokset),Budget för perioden 202x-1 (inklusive budgetändringar),Drafting period budget 202x-1 (including budget changes),prior_year_amended_budget,-1,1,Kaikki palvelu- ja tehtäväluokat,,KTAS,jhs-2019-03,2019-08-31,k-t05,True,,false,,state_treasury_municipal_ktas_taxonomy,https://tkdpprodjrpstacc02.blob.core.windows.net/kuntataloudentaksonomia/KTAS.json,2026-08-18
987,,Investointihyödykkeiden luovutustulot (brutto),Överlåtelseintäkter från investeringstillgångar (brutto),Gross capital gains on investment goods,Taloussuunnitelma 202x+1,Ekonomiplan 202x+1,Financial plan 202x+1,plan_year_plus_1,1,1,Kaikki palvelu- ja tehtäväluokat,,KTAS,jhs-2019-03,2019-08-31,k-t05,True,,false,,state_treasury_municipal_ktas_taxonomy,https://tkdpprodjrpstacc02.blob.core.windows.net/kuntataloudentaksonomia/KTAS.json,2026-08-18
1009,,Poistot ja arvonalentumiset,Avskrivningar och nedskrivningar,Depreciations and write-downs,Taloussuunnitelma 202x+1,Ekonomiplan 202x+1,Financial plan 202x+1,plan_year_plus_1,1,1,Kaikki palvelu- ja tehtäväluokat,,KTAS,jhs-2019-03,2019-08-31,k-t05,True,,false,,state_treasury_municipal_ktas_taxonomy,https://tkdpprodjrpstacc02.blob.core.windows.net/kuntataloudentaksonomia/KTAS.json,2026-08-18
1010,financial_year_result_eur,TILIKAUDEN TULOS,Räkenskapsperiodens resultat,Results for the financial year,Taloussuunnitelma 202x+2,Ekonomiplan 202x+2,Financial plan 202x+2,plan_year_plus_2,2,1,Kaikki palvelu- ja tehtäväluokat,,KTAS,jhs-2019-03,2019-08-31,k-t05,,,true,EUR,state_treasury_municipal_ktas_taxonomy,https://tkdpprodjrpstacc02.blob.core.windows.net/kuntataloudentaksonomia/KTAS.json,2026-08-18
1017,financial_year_result_eur,TILIKAUDEN TULOS,Räkenskapsperiodens resultat,Results for the financial year,Taloussuunnitelma 202x+1,Ekonomiplan 202x+1,Financial plan 202x+1,plan_year_plus_1,1,1,Kaikki palvelu- ja tehtäväluokat,,KTAS,jhs-2019-03,2019-08-31,k-t05,,,true,EUR,state_treasury_municipal_ktas_taxonomy,https://tkdpprodjrpstacc02.blob.core.windows.net/kuntataloudentaksonomia/KTAS.json,2026-08-18
1024,,Poistot ja arvonalentumiset,Avskrivningar och nedskrivningar,Depreciations and write-downs,Taloussuunnitelma 202x+2,Ekonomiplan 202x+2,Financial plan 202x+2,plan_year_plus_2,2,1,Kaikki palvelu- ja tehtäväluokat,,KTAS,jhs-2019-03,2019-08-31,k-t05,True,,false,,state_treasury_municipal_ktas_taxonomy,https://tkdpprodjrpstacc02.blob.core.windows.net/kuntataloudentaksonomia/KTAS.json,2026-08-18
1082,,"Aineet, tarvikkeet ja tavarat","Material, förnödenheter och varor",Raw materials and consumables,Taloussuunnitelma 202x+1,Ekonomiplan 202x+1,Financial plan 202x+1,plan_year_plus_1,1,2,Kaikki palvelu- ja tehtäväluokat,,KTAS,jhs-2019-03,2019-08-31,k-t05,True,,false,,state_treasury_municipal_ktas_taxonomy,https://tkdpprodjrpstacc02.blob.core.windows.net/kuntataloudentaksonomia/KTAS.json,2026-08-18
1091,,"Aineet, tarvikkeet ja tavarat","Material, förnödenheter och varor",Raw materials and consumables,Taloussuunnitelma 202x+2,Ekonomiplan 202x+2,Financial plan 202x+2,plan_year_plus_2,2,2,Kaikki palvelu- ja tehtäväluokat,,KTAS,jhs-2019-03,2019-08-31,k-t05,True,,false,,state_treasury_municipal_ktas_taxonomy,https://tkdpprodjrpstacc02.blob.core.windows.net/kuntataloudentaksonomia/KTAS.json,2026-08-18
1093,annual_margin_eur,VUOSIKATE,Årsbidrag,Annual margin,Talousarvio 202x,Budget 202x,Budget 202x,current_budget,0,1,Kaikki palvelu- ja tehtäväluokat,,KTAS,jhs-2019-03,2019-08-31,k-t05,,,true,EUR,state_treasury_municipal_ktas_taxonomy,https://tkdpprodjrpstacc02.blob.core.windows.net/kuntataloudentaksonomia/KTAS.json,2026-08-18
1098,,TILIKAUDEN YLIJÄÄMÄ (ALIJÄÄMÄ),Räkenskapsperiodens överskott (underskott),Surplus for the financial year(deficit),Talousarvio 202x,Budget 202x,Budget 202x,current_budget,0,1,Kaikki palvelu- ja tehtäväluokat,,KTAS,jhs-2019-03,2019-08-31,k-t05,,,false,,state_treasury_municipal_ktas_taxonomy,https://tkdpprodjrpstacc02.blob.core.windows.net/kuntataloudentaksonomia/KTAS.json,2026-08-18
1121,financial_year_result_eur,TILIKAUDEN TULOS,Räkenskapsperiodens resultat,Results for the financial year,Talousarvio 202x,Budget 202x,Budget 202x,current_budget,0,1,Kaikki palvelu- ja tehtäväluokat,,KTAS,jhs-2019-03,2019-08-31,k-t05,,,true,EUR,state_treasury_municipal_ktas_taxonomy,https://tkdpprodjrpstacc02.blob.core.windows.net/kuntataloudentaksonomia/KTAS.json,2026-08-18
1122,,Valmistus omaan käyttöön,Tillverkning för eget bruk,Manufacturing for own use,Taloussuunnitelma 202x+2,Ekonomiplan 202x+2,Financial plan 202x+2,plan_year_plus_2,2,1,Kaikki palvelu- ja tehtäväluokat,,KTAS,jhs-2019-03,2019-08-31,k-t05,True,,false,,state_treasury_municipal_ktas_taxonomy,https://tkdpprodjrpstacc02.blob.core.windows.net/kuntataloudentaksonomia/KTAS.json,2026-08-18
1134,,Valmistus omaan käyttöön,Tillverkning för eget bruk,Manufacturing for own use,Taloussuunnitelma 202x+1,Ekonomiplan 202x+1,Financial plan 202x+1,plan_year_plus_1,1,1,Kaikki palvelu- ja tehtäväluokat,,KTAS,jhs-2019-03,2019-08-31,k-t05,True,,false,,state_treasury_municipal_ktas_taxonomy,https://tkdpprodjrpstacc02.blob.core.windows.net/kuntataloudentaksonomia/KTAS.json,2026-08-18
1157,,Valtionosuudet,Statsandelar,Central government transfers,Talousarvio 202x,Budget 202x,Budget 202x,current_budget,0,1,Kaikki palvelu- ja tehtäväluokat,,KTAS,jhs-2019-03,2019-08-31,k-t05,True,,false,,state_treasury_municipal_ktas_taxonomy,https://tkdpprodjrpstacc02.blob.core.windows.net/kuntataloudentaksonomia/KTAS.json,2026-08-18
1188,,Poistot ja arvonalentumiset,Avskrivningar och nedskrivningar,Depreciations and write-downs,Laadintakauden talousarvio 202x-1 (mukaan lukien talousarviomuutokset),Budget för perioden 202x-1 (inklusive budgetändringar),Drafting period budget 202x-1 (including budget changes),prior_year_amended_budget,-1,1,Kaikki palvelu- ja tehtäväluokat,,KTAS,jhs-2019-03,2019-08-31,k-t05,True,,false,,state_treasury_municipal_ktas_taxonomy,https://tkdpprodjrpstacc02.blob.core.windows.net/kuntataloudentaksonomia/KTAS.json,2026-08-18
1234,personnel_expenses_eur,Henkilöstömenot,Personalkostnader,Staff expenditure,Taloussuunnitelma 202x+2,Ekonomiplan 202x+2,Financial plan 202x+2,plan_year_plus_2,2,2,Kaikki palvelu- ja tehtäväluokat,,KTAS,jhs-2019-03,2019-08-31,k-t05,True,,true,EUR,state_treasury_municipal_ktas_taxonomy,https://tkdpprodjrpstacc02.blob.core.windows.net/kuntataloudentaksonomia/KTAS.json,2026-08-18
1248,personnel_expenses_eur,Henkilöstömenot,Personalkostnader,Staff expenditure,Taloussuunnitelma 202x+1,Ekonomiplan 202x+1,Financial plan 202x+1,plan_year_plus_1,1,2,Kaikki palvelu- ja tehtäväluokat,,KTAS,jhs-2019-03,2019-08-31,k-t05,True,,true,EUR,state_treasury_municipal_ktas_taxonomy,https://tkdpprodjrpstacc02.blob.core.windows.net/kuntataloudentaksonomia/KTAS.json,2026-08-18
1260,operating_expenses_eur,Toimintamenot,Omkostnader,Operating expenses,Laadintakauden talousarvio 202x-1 (mukaan lukien talousarviomuutokset),Budget för perioden 202x-1 (inklusive budgetändringar),Drafting period budget 202x-1 (including budget changes),prior_year_amended_budget,-1,1,Kaikki palvelu- ja tehtäväluokat,,KTAS,jhs-2019-03,2019-08-31,k-t05,,,true,EUR,state_treasury_municipal_ktas_taxonomy,https://tkdpprodjrpstacc02.blob.core.windows.net/kuntataloudentaksonomia/KTAS.json,2026-08-18
1335,,Toiminnan ja investointien rahavirta,Verksamhetens och investeringarnas kassaflöde,Cash flow from operations and investments,Taloussuunnitelma 202x+2,Ekonomiplan 202x+2,Financial plan 202x+2,plan_year_plus_2,2,1,Kaikki palvelu- ja tehtäväluokat,,KTAS,jhs-2019-03,2019-08-31,k-t05,True,,false,,state_treasury_municipal_ktas_taxonomy,https://tkdpprodjrpstacc02.blob.core.windows.net/kuntataloudentaksonomia/KTAS.json,2026-08-18
1352,,Toiminnan ja investointien rahavirta,Verksamhetens och investeringarnas kassaflöde,Cash flow from operations and investments,Taloussuunnitelma 202x+1,Ekonomiplan 202x+1,Financial plan 202x+1,plan_year_plus_1,1,1,Kaikki palvelu- ja tehtäväluokat,,KTAS,jhs-2019-03,2019-08-31,k-t05,True,,false,,state_treasury_municipal_ktas_taxonomy,https://tkdpprodjrpstacc02.blob.core.windows.net/kuntataloudentaksonomia/KTAS.json,2026-08-18
1354,,Toiminnan ja investointien rahavirta,Verksamhetens och investeringarnas kassaflöde,Cash flow from operations and investments,Laadintakauden talousarvio 202x-1 (mukaan lukien talousarviomuutokset),Budget för perioden 202x-1 (inklusive budgetändringar),Drafting period budget 202x-1 (including budget changes),prior_year_amended_budget,-1,1,Kaikki palvelu- ja tehtäväluokat,,KTAS,jhs-2019-03,2019-08-31,k-t05,True,,false,,state_treasury_municipal_ktas_taxonomy,https://tkdpprodjrpstacc02.blob.core.windows.net/kuntataloudentaksonomia/KTAS.json,2026-08-18
1422,,TOIMINTAKATE,Verksamhetsbidrag,Operating margin,Taloussuunnitelma 202x+1,Ekonomiplan 202x+1,Financial plan 202x+1,plan_year_plus_1,1,1,Kaikki palvelu- ja tehtäväluokat,,KTAS,jhs-2019-03,2019-08-31,k-t05,,,false,,state_treasury_municipal_ktas_taxonomy,https://tkdpprodjrpstacc02.blob.core.windows.net/kuntataloudentaksonomia/KTAS.json,2026-08-18
1431,,Valmistevarastojen muutos,Förändring av produktlager,Change in stocks of products,Talousarvio 202x,Budget 202x,Budget 202x,current_budget,0,1,Kaikki palvelu- ja tehtäväluokat,,KTAS,jhs-2019-03,2019-08-31,k-t05,True,,false,,state_treasury_municipal_ktas_taxonomy,https://tkdpprodjrpstacc02.blob.core.windows.net/kuntataloudentaksonomia/KTAS.json,2026-08-18
1433,,TOIMINTAKATE,Verksamhetsbidrag,Operating margin,Taloussuunnitelma 202x+2,Ekonomiplan 202x+2,Financial plan 202x+2,plan_year_plus_2,2,1,Kaikki palvelu- ja tehtäväluokat,,KTAS,jhs-2019-03,2019-08-31,k-t05,,,false,,state_treasury_municipal_ktas_taxonomy,https://tkdpprodjrpstacc02.blob.core.windows.net/kuntataloudentaksonomia/KTAS.json,2026-08-18
1476,operating_expenses_eur,Toimintamenot,Omkostnader,Operating expenses,Taloussuunnitelma 202x+1,Ekonomiplan 202x+1,Financial plan 202x+1,plan_year_plus_1,1,1,Kaikki palvelu- ja tehtäväluokat,,KTAS,jhs-2019-03,2019-08-31,k-t05,,,true,EUR,state_treasury_municipal_ktas_taxonomy,https://tkdpprodjrpstacc02.blob.core.windows.net/kuntataloudentaksonomia/KTAS.json,2026-08-18
1482,operating_expenses_eur,Toimintamenot,Omkostnader,Operating expenses,Taloussuunnitelma 202x+2,Ekonomiplan 202x+2,Financial plan 202x+2,plan_year_plus_2,2,1,Kaikki palvelu- ja tehtäväluokat,,KTAS,jhs-2019-03,2019-08-31,k-t05,,,true,EUR,state_treasury_municipal_ktas_taxonomy,https://tkdpprodjrpstacc02.blob.core.windows.net/kuntataloudentaksonomia/KTAS.json,2026-08-18
1515,,Rahoitusosuudet investointimenoihin,Finansieringsandelar för investeringsutgifter,Contributions to investment expenditure,Taloussuunnitelma 202x+2,Ekonomiplan 202x+2,Financial plan 202x+2,plan_year_plus_2,2,1,Kaikki palvelu- ja tehtäväluokat,,KTAS,jhs-2019-03,2019-08-31,k-t05,True,,false,,state_treasury_municipal_ktas_taxonomy,https://tkdpprodjrpstacc02.blob.core.windows.net/kuntataloudentaksonomia/KTAS.json,2026-08-18
1524,,TILIKAUDEN YLIJÄÄMÄ (ALIJÄÄMÄ),Räkenskapsperiodens överskott (underskott),Surplus for the financial year(deficit),Taloussuunnitelma 202x+2,Ekonomiplan 202x+2,Financial plan 202x+2,plan_year_plus_2,2,1,Kaikki palvelu- ja tehtäväluokat,,KTAS,jhs-2019-03,2019-08-31,k-t05,,,false,,state_treasury_municipal_ktas_taxonomy,https://tkdpprodjrpstacc02.blob.core.windows.net/kuntataloudentaksonomia/KTAS.json,2026-08-18
1526,,Rahoitusosuudet investointimenoihin,Finansieringsandelar för investeringsutgifter,Contributions to investment expenditure,Taloussuunnitelma 202x+1,Ekonomiplan 202x+1,Financial plan 202x+1,plan_year_plus_1,1,1,Kaikki palvelu- ja tehtäväluokat,,KTAS,jhs-2019-03,2019-08-31,k-t05,True,,false,,state_treasury_municipal_ktas_taxonomy,https://tkdpprodjrpstacc02.blob.core.windows.net/kuntataloudentaksonomia/KTAS.json,2026-08-18
1538,,Poistot ja arvonalentumiset,Avskrivningar och nedskrivningar,Depreciations and write-downs,Talousarvio 202x,Budget 202x,Budget 202x,current_budget,0,1,Kaikki palvelu- ja tehtäväluokat,,KTAS,jhs-2019-03,2019-08-31,k-t05,True,,false,,state_treasury_municipal_ktas_taxonomy,https://tkdpprodjrpstacc02.blob.core.windows.net/kuntataloudentaksonomia/KTAS.json,2026-08-18
1540,,TILIKAUDEN YLIJÄÄMÄ (ALIJÄÄMÄ),Räkenskapsperiodens överskott (underskott),Surplus for the financial year(deficit),Taloussuunnitelma 202x+1,Ekonomiplan 202x+1,Financial plan 202x+1,plan_year_plus_1,1,1,Kaikki palvelu- ja tehtäväluokat,,KTAS,jhs-2019-03,2019-08-31,k-t05,,,false,,state_treasury_municipal_ktas_taxonomy,https://tkdpprodjrpstacc02.blob.core.windows.net/kuntataloudentaksonomia/KTAS.json,2026-08-18
1542,,Investointihyödykkeiden luovutustulot (brutto),Överlåtelseintäkter från investeringstillgångar (brutto),Gross capital gains on investment goods,Laadintakauden talousarvio 202x-1 (mukaan lukien talousarviomuutokset),Budget för perioden 202x-1 (inklusive budgetändringar),Drafting period budget 202x-1 (including budget changes),prior_year_amended_budget,-1,1,Kaikki palvelu- ja tehtäväluokat,,KTAS,jhs-2019-03,2019-08-31,k-t05,True,,false,,state_treasury_municipal_ktas_taxonomy,https://tkdpprodjrpstacc02.blob.core.windows.net/kuntataloudentaksonomia/KTAS.json,2026-08-18
1564,,Investointihyödykkeiden luovutustulot (brutto),Överlåtelseintäkter från investeringstillgångar (brutto),Gross capital gains on investment goods,Talousarvio 202x,Budget 202x,Budget 202x,current_budget,0,1,Kaikki palvelu- ja tehtäväluokat,,KTAS,jhs-2019-03,2019-08-31,k-t05,True,,false,,state_treasury_municipal_ktas_taxonomy,https://tkdpprodjrpstacc02.blob.core.windows.net/kuntataloudentaksonomia/KTAS.json,2026-08-18
1577,,Rahoitusosuudet investointimenoihin,Finansieringsandelar för investeringsutgifter,Contributions to investment expenditure,Talousarvio 202x,Budget 202x,Budget 202x,current_budget,0,1,Kaikki palvelu- ja tehtäväluokat,,KTAS,jhs-2019-03,2019-08-31,k-t05,True,,false,,state_treasury_municipal_ktas_taxonomy,https://tkdpprodjrpstacc02.blob.core.windows.net/kuntataloudentaksonomia/KTAS.json,2026-08-18
1580,loan_stock_end_year_eur,Lainakanta 31.12.,Lånestock 31.12,"Loan stock, 31 December",Talousarvio 202x,Budget 202x,Budget 202x,current_budget,0,1,Kaikki palvelu- ja tehtäväluokat,,KTAS,jhs-2019-03,2019-08-31,k-t05,True,,true,EUR,state_treasury_municipal_ktas_taxonomy,https://tkdpprodjrpstacc02.blob.core.windows.net/kuntataloudentaksonomia/KTAS.json,2026-08-18
1598,loan_stock_end_year_eur,Lainakanta 31.12.,Lånestock 31.12,"Loan stock, 31 December",Laadintakauden talousarvio 202x-1 (mukaan lukien talousarviomuutokset),Budget för perioden 202x-1 (inklusive budgetändringar),Drafting period budget 202x-1 (including budget changes),prior_year_amended_budget,-1,1,Kaikki palvelu- ja tehtäväluokat,,KTAS,jhs-2019-03,2019-08-31,k-t05,True,,true,EUR,state_treasury_municipal_ktas_taxonomy,https://tkdpprodjrpstacc02.blob.core.windows.net/kuntataloudentaksonomia/KTAS.json,2026-08-18
1606,,Toiminnan ja investointien rahavirta,Verksamhetens och investeringarnas kassaflöde,Cash flow from operations and investments,Talousarvio 202x,Budget 202x,Budget 202x,current_budget,0,1,Kaikki palvelu- ja tehtäväluokat,,KTAS,jhs-2019-03,2019-08-31,k-t05,True,,false,,state_treasury_municipal_ktas_taxonomy,https://tkdpprodjrpstacc02.blob.core.windows.net/kuntataloudentaksonomia/KTAS.json,2026-08-18
1612,,Henkilötyövuodet,Årsverken,Person-years,Talousarvio 202x,Budget 202x,Budget 202x,current_budget,0,1,Kaikki palvelu- ja tehtäväluokat,,KTAS,jhs-2019-03,2019-08-31,k-t05,True,,false,,state_treasury_municipal_ktas_taxonomy,https://tkdpprodjrpstacc02.blob.core.windows.net/kuntataloudentaksonomia/KTAS.json,2026-08-18
1616,,Rahoitustulot (+) ja -menot (-),Finansiella intäkter (+) och kostnader (-),Financial revenue (+) and expenditure (-),Taloussuunnitelma 202x+2,Ekonomiplan 202x+2,Financial plan 202x+2,plan_year_plus_2,2,1,Kaikki palvelu- ja tehtäväluokat,,KTAS,jhs-2019-03,2019-08-31,k-t05,True,,false,,state_treasury_municipal_ktas_taxonomy,https://tkdpprodjrpstacc02.blob.core.windows.net/kuntataloudentaksonomia/KTAS.json,2026-08-18
1630,,"Aineet, tarvikkeet ja tavarat","Material, förnödenheter och varor",Raw materials and consumables,Laadintakauden talousarvio 202x-1 (mukaan lukien talousarviomuutokset),Budget för perioden 202x-1 (inklusive budgetändringar),Drafting period budget 202x-1 (including budget changes),prior_year_amended_budget,-1,2,Kaikki palvelu- ja tehtäväluokat,,KTAS,jhs-2019-03,2019-08-31,k-t05,True,,false,,state_treasury_municipal_ktas_taxonomy,https://tkdpprodjrpstacc02.blob.core.windows.net/kuntataloudentaksonomia/KTAS.json,2026-08-18
1632,,Valtionosuudet,Statsandelar,Central government transfers,Laadintakauden talousarvio 202x-1 (mukaan lukien talousarviomuutokset),Budget för perioden 202x-1 (inklusive budgetändringar),Drafting period budget 202x-1 (including budget changes),prior_year_amended_budget,-1,1,Kaikki palvelu- ja tehtäväluokat,,KTAS,jhs-2019-03,2019-08-31,k-t05,True,,false,,state_treasury_municipal_ktas_taxonomy,https://tkdpprodjrpstacc02.blob.core.windows.net/kuntataloudentaksonomia/KTAS.json,2026-08-18
1654,,Verotulot,Skatteinkomster,Tax revenue,Laadintakauden talousarvio 202x-1 (mukaan lukien talousarviomuutokset),Budget för perioden 202x-1 (inklusive budgetändringar),Drafting period budget 202x-1 (including budget changes),prior_year_amended_budget,-1,1,Kaikki palvelu- ja tehtäväluokat,,KTAS,jhs-2019-03,2019-08-31,k-t05,True,,false,,state_treasury_municipal_ktas_taxonomy,https://tkdpprodjrpstacc02.blob.core.windows.net/kuntataloudentaksonomia/KTAS.json,2026-08-18
1681,loan_stock_end_year_eur,Lainakanta 31.12.,Lånestock 31.12,"Loan stock, 31 December",Taloussuunnitelma 202x+1,Ekonomiplan 202x+1,Financial plan 202x+1,plan_year_plus_1,1,1,Kaikki palvelu- ja tehtäväluokat,,KTAS,jhs-2019-03,2019-08-31,k-t05,True,,true,EUR,state_treasury_municipal_ktas_taxonomy,https://tkdpprodjrpstacc02.blob.core.windows.net/kuntataloudentaksonomia/KTAS.json,2026-08-18
1693,loan_stock_end_year_eur,Lainakanta 31.12.,Lånestock 31.12,"Loan stock, 31 December",Taloussuunnitelma 202x+2,Ekonomiplan 202x+2,Financial plan 202x+2,plan_year_plus_2,2,1,Kaikki palvelu- ja tehtäväluokat,,KTAS,jhs-2019-03,2019-08-31,k-t05,True,,true,EUR,state_treasury_municipal_ktas_taxonomy,https://tkdpprodjrpstacc02.blob.core.windows.net/kuntataloudentaksonomia/KTAS.json,2026-08-18
1715,operating_income_eur,Toimintatulot,Verksamhetsintäkter,Operating income,Laadintakauden talousarvio 202x-1 (mukaan lukien talousarviomuutokset),Budget för perioden 202x-1 (inklusive budgetändringar),Drafting period budget 202x-1 (including budget changes),prior_year_amended_budget,-1,1,Kaikki palvelu- ja tehtäväluokat,,KTAS,jhs-2019-03,2019-08-31,k-t05,,,true,EUR,state_treasury_municipal_ktas_taxonomy,https://tkdpprodjrpstacc02.blob.core.windows.net/kuntataloudentaksonomia/KTAS.json,2026-08-18
1723,financial_year_result_eur,TILIKAUDEN TULOS,Räkenskapsperiodens resultat,Results for the financial year,Laadintakauden talousarvio 202x-1 (mukaan lukien talousarviomuutokset),Budget för perioden 202x-1 (inklusive budgetändringar),Drafting period budget 202x-1 (including budget changes),prior_year_amended_budget,-1,1,Kaikki palvelu- ja tehtäväluokat,,KTAS,jhs-2019-03,2019-08-31,k-t05,,,true,EUR,state_treasury_municipal_ktas_taxonomy,https://tkdpprodjrpstacc02.blob.core.windows.net/kuntataloudentaksonomia/KTAS.json,2026-08-18
1729,,Rahoitustulot (+) ja -menot (-),Finansiella intäkter (+) och kostnader (-),Financial revenue (+) and expenditure (-),Taloussuunnitelma 202x+1,Ekonomiplan 202x+1,Financial plan 202x+1,plan_year_plus_1,1,1,Kaikki palvelu- ja tehtäväluokat,,KTAS,jhs-2019-03,2019-08-31,k-t05,True,,false,,state_treasury_municipal_ktas_taxonomy,https://tkdpprodjrpstacc02.blob.core.windows.net/kuntataloudentaksonomia/KTAS.json,2026-08-18
1800,,Henkilötyövuodet,Årsverken,Person-years,Taloussuunnitelma 202x+1,Ekonomiplan 202x+1,Financial plan 202x+1,plan_year_plus_1,1,1,Kaikki palvelu- ja tehtäväluokat,,KTAS,jhs-2019-03,2019-08-31,k-t05,True,,false,,state_treasury_municipal_ktas_taxonomy,https://tkdpprodjrpstacc02.blob.core.windows.net/kuntataloudentaksonomia/KTAS.json,2026-08-18
1810,,Avustukset,Bidrag,Subsidies,Laadintakauden talousarvio 202x-1 (mukaan lukien talousarviomuutokset),Budget för perioden 202x-1 (inklusive budgetändringar),Drafting period budget 202x-1 (including budget changes),prior_year_amended_budget,-1,2,Kaikki palvelu- ja tehtäväluokat,,KTAS,jhs-2019-03,2019-08-31,k-t05,True,,false,,state_treasury_municipal_ktas_taxonomy,https://tkdpprodjrpstacc02.blob.core.windows.net/kuntataloudentaksonomia/KTAS.json,2026-08-18
1818,,Henkilötyövuodet,Årsverken,Person-years,Taloussuunnitelma 202x+2,Ekonomiplan 202x+2,Financial plan 202x+2,plan_year_plus_2,2,1,Kaikki palvelu- ja tehtäväluokat,,KTAS,jhs-2019-03,2019-08-31,k-t05,True,,false,,state_treasury_municipal_ktas_taxonomy,https://tkdpprodjrpstacc02.blob.core.windows.net/kuntataloudentaksonomia/KTAS.json,2026-08-18
1843,,Myyntitulot,Försäljningsintäkter,Sales income,Talousarvio 202x,Budget 202x,Budget 202x,current_budget,0,2,Kaikki palvelu- ja tehtäväluokat,,KTAS,jhs-2019-03,2019-08-31,k-t05,True,,false,,state_treasury_municipal_ktas_taxonomy,https://tkdpprodjrpstacc02.blob.core.windows.net/kuntataloudentaksonomia/KTAS.json,2026-08-18
1844,,Koneet ja kalusto,Maskiner och inventarier,Machinery and equipment,Laadintakauden talousarvio 202x-1 (mukaan lukien talousarviomuutokset),Budget för perioden 202x-1 (inklusive budgetändringar),Drafting period budget 202x-1 (including budget changes),prior_year_amended_budget,-1,2,Kaikki palvelu- ja tehtäväluokat,,KTAS,jhs-2019-03,2019-08-31,k-t05,True,,false,,state_treasury_municipal_ktas_taxonomy,https://tkdpprodjrpstacc02.blob.core.windows.net/kuntataloudentaksonomia/KTAS.json,2026-08-18
1845,,Maksutulot,Avgiftsintäkter,Fee income,Taloussuunnitelma 202x+1,Ekonomiplan 202x+1,Financial plan 202x+1,plan_year_plus_1,1,2,Kaikki palvelu- ja tehtäväluokat,,KTAS,jhs-2019-03,2019-08-31,k-t05,True,,false,,state_treasury_municipal_ktas_taxonomy,https://tkdpprodjrpstacc02.blob.core.windows.net/kuntataloudentaksonomia/KTAS.json,2026-08-18
1846,,Maksutulot,Avgiftsintäkter,Fee income,Taloussuunnitelma 202x+2,Ekonomiplan 202x+2,Financial plan 202x+2,plan_year_plus_2,2,2,Kaikki palvelu- ja tehtäväluokat,,KTAS,jhs-2019-03,2019-08-31,k-t05,True,,false,,state_treasury_municipal_ktas_taxonomy,https://tkdpprodjrpstacc02.blob.core.windows.net/kuntataloudentaksonomia/KTAS.json,2026-08-18
1847,,Maa- ja vesialueet,Mark- och vattenområden,Land and water areas,Talousarvio 202x,Budget 202x,Budget 202x,current_budget,0,2,Kaikki palvelu- ja tehtäväluokat,,KTAS,jhs-2019-03,2019-08-31,k-t05,True,,false,,state_treasury_municipal_ktas_taxonomy,https://tkdpprodjrpstacc02.blob.core.windows.net/kuntataloudentaksonomia/KTAS.json,2026-08-18
1848,,Osakkeet ja osuudet,Aktier och andelar,Shares,Taloussuunnitelma 202x+1,Ekonomiplan 202x+1,Financial plan 202x+1,plan_year_plus_1,1,2,Kaikki palvelu- ja tehtäväluokat,,KTAS,jhs-2019-03,2019-08-31,k-t05,True,,false,,state_treasury_municipal_ktas_taxonomy,https://tkdpprodjrpstacc02.blob.core.windows.net/kuntataloudentaksonomia/KTAS.json,2026-08-18
1849,,Myyntitulot,Försäljningsintäkter,Sales income,Taloussuunnitelma 202x+1,Ekonomiplan 202x+1,Financial plan 202x+1,plan_year_plus_1,1,2,Kaikki palvelu- ja tehtäväluokat,,KTAS,jhs-2019-03,2019-08-31,k-t05,True,,false,,state_treasury_municipal_ktas_taxonomy,https://tkdpprodjrpstacc02.blob.core.windows.net/kuntataloudentaksonomia/KTAS.json,2026-08-18
1850,,Myyntitulot,Försäljningsintäkter,Sales income,Taloussuunnitelma 202x+2,Ekonomiplan 202x+2,Financial plan 202x+2,plan_year_plus_2,2,2,Kaikki palvelu- ja tehtäväluokat,,KTAS,jhs-2019-03,2019-08-31,k-t05,True,,false,,state_treasury_municipal_ktas_taxonomy,https://tkdpprodjrpstacc02.blob.core.windows.net/kuntataloudentaksonomia/KTAS.json,2026-08-18
1851,,Tuet ja avustukset,Understöd och bidrag,Subsidies and grants,Laadintakauden talousarvio 202x-1 (mukaan lukien talousarviomuutokset),Budget för perioden 202x-1 (inklusive budgetändringar),Drafting period budget 202x-1 (including budget changes),prior_year_amended_budget,-1,2,Kaikki palvelu- ja tehtäväluokat,,KTAS,jhs-2019-03,2019-08-31,k-t05,True,,false,,state_treasury_municipal_ktas_taxonomy,https://tkdpprodjrpstacc02.blob.core.windows.net/kuntataloudentaksonomia/KTAS.json,2026-08-18
1852,,Koneet ja kalusto,Maskiner och inventarier,Machinery and equipment,Taloussuunnitelma 202x+2,Ekonomiplan 202x+2,Financial plan 202x+2,plan_year_plus_2,2,2,Kaikki palvelu- ja tehtäväluokat,,KTAS,jhs-2019-03,2019-08-31,k-t05,True,,false,,state_treasury_municipal_ktas_taxonomy,https://tkdpprodjrpstacc02.blob.core.windows.net/kuntataloudentaksonomia/KTAS.json,2026-08-18
1854,,Osakkeet ja osuudet,Aktier och andelar,Shares,Laadintakauden talousarvio 202x-1 (mukaan lukien talousarviomuutokset),Budget för perioden 202x-1 (inklusive budgetändringar),Drafting period budget 202x-1 (including budget changes),prior_year_amended_budget,-1,2,Kaikki palvelu- ja tehtäväluokat,,KTAS,jhs-2019-03,2019-08-31,k-t05,True,,false,,state_treasury_municipal_ktas_taxonomy,https://tkdpprodjrpstacc02.blob.core.windows.net/kuntataloudentaksonomia/KTAS.json,2026-08-18
1855,,Tuet ja avustukset,Understöd och bidrag,Subsidies and grants,Taloussuunnitelma 202x+1,Ekonomiplan 202x+1,Financial plan 202x+1,plan_year_plus_1,1,2,Kaikki palvelu- ja tehtäväluokat,,KTAS,jhs-2019-03,2019-08-31,k-t05,True,,false,,state_treasury_municipal_ktas_taxonomy,https://tkdpprodjrpstacc02.blob.core.windows.net/kuntataloudentaksonomia/KTAS.json,2026-08-18
1856,,Osakkeet ja osuudet,Aktier och andelar,Shares,Taloussuunnitelma 202x+2,Ekonomiplan 202x+2,Financial plan 202x+2,plan_year_plus_2,2,2,Kaikki palvelu- ja tehtäväluokat,,KTAS,jhs-2019-03,2019-08-31,k-t05,True,,false,,state_treasury_municipal_ktas_taxonomy,https://tkdpprodjrpstacc02.blob.core.windows.net/kuntataloudentaksonomia/KTAS.json,2026-08-18
1857,,Tuet ja avustukset,Understöd och bidrag,Subsidies and grants,Taloussuunnitelma 202x+2,Ekonomiplan 202x+2,Financial plan 202x+2,plan_year_plus_2,2,2,Kaikki palvelu- ja tehtäväluokat,,KTAS,jhs-2019-03,2019-08-31,k-t05,True,,false,,state_treasury_municipal_ktas_taxonomy,https://tkdpprodjrpstacc02.blob.core.windows.net/kuntataloudentaksonomia/KTAS.json,2026-08-18
1858,,Aineettomat hyödykkeet,Immateriella tillgångar,Intangible assets,Taloussuunnitelma 202x+2,Ekonomiplan 202x+2,Financial plan 202x+2,plan_year_plus_2,2,2,Kaikki palvelu- ja tehtäväluokat,,KTAS,jhs-2019-03,2019-08-31,k-t05,True,,false,,state_treasury_municipal_ktas_taxonomy,https://tkdpprodjrpstacc02.blob.core.windows.net/kuntataloudentaksonomia/KTAS.json,2026-08-18
1859,,Rakennukset: opetus- ja kulttuuritoimi,Byggnader: undervisnings- och kultursektorn,Buildings: education and culture,Taloussuunnitelma 202x+1,Ekonomiplan 202x+1,Financial plan 202x+1,plan_year_plus_1,1,3,Opetus- ja kulttuuritoimi,,KTAS,jhs-2019-03,2019-08-31,k-t05,True,,false,,state_treasury_municipal_ktas_taxonomy,https://tkdpprodjrpstacc02.blob.core.windows.net/kuntataloudentaksonomia/KTAS.json,2026-08-18
1860,,Muut aineelliset hyödykkeet,Övriga materiella tillgångar,Other tangible assets,Taloussuunnitelma 202x+1,Ekonomiplan 202x+1,Financial plan 202x+1,plan_year_plus_1,1,2,Kaikki palvelu- ja tehtäväluokat,,KTAS,jhs-2019-03,2019-08-31,k-t05,True,,false,,state_treasury_municipal_ktas_taxonomy,https://tkdpprodjrpstacc02.blob.core.windows.net/kuntataloudentaksonomia/KTAS.json,2026-08-18
1861,,Kiinteät rakenteet ja laitteet,Fasta konstruktioner och anordningar,Fixed structures and installations,Taloussuunnitelma 202x+1,Ekonomiplan 202x+1,Financial plan 202x+1,plan_year_plus_1,1,2,Kaikki palvelu- ja tehtäväluokat,,KTAS,jhs-2019-03,2019-08-31,k-t05,True,,false,,state_treasury_municipal_ktas_taxonomy,https://tkdpprodjrpstacc02.blob.core.windows.net/kuntataloudentaksonomia/KTAS.json,2026-08-18
1862,,Rakennukset: sosiaali- ja terveystoimi,Byggnader: social- och hälsovårdssektorn,Buildings: social welfare and healthcare,Laadintakauden talousarvio 202x-1 (mukaan lukien talousarviomuutokset),Budget för perioden 202x-1 (inklusive budgetändringar),Drafting period budget 202x-1 (including budget changes),prior_year_amended_budget,-1,3,Sosiaali- ja terveystoimi,,KTAS,jhs-2019-03,2019-08-31,k-t05,True,,false,,state_treasury_municipal_ktas_taxonomy,https://tkdpprodjrpstacc02.blob.core.windows.net/kuntataloudentaksonomia/KTAS.json,2026-08-18
1863,,Muut toimintatulot,Övriga verksamhetsintäkter,Other operating income,Talousarvio 202x,Budget 202x,Budget 202x,current_budget,0,2,Kaikki palvelu- ja tehtäväluokat,,KTAS,jhs-2019-03,2019-08-31,k-t05,True,,false,,state_treasury_municipal_ktas_taxonomy,https://tkdpprodjrpstacc02.blob.core.windows.net/kuntataloudentaksonomia/KTAS.json,2026-08-18
1864,,Tuet ja avustukset,Understöd och bidrag,Subsidies and grants,Talousarvio 202x,Budget 202x,Budget 202x,current_budget,0,2,Kaikki palvelu- ja tehtäväluokat,,KTAS,jhs-2019-03,2019-08-31,k-t05,True,,false,,state_treasury_municipal_ktas_taxonomy,https://tkdpprodjrpstacc02.blob.core.windows.net/kuntataloudentaksonomia/KTAS.json,2026-08-18
1865,,Rakennukset: opetus- ja kulttuuritoimi,Byggnader: undervisnings- och kultursektorn,Buildings: education and culture,Taloussuunnitelma 202x+2,Ekonomiplan 202x+2,Financial plan 202x+2,plan_year_plus_2,2,3,Opetus- ja kulttuuritoimi,,KTAS,jhs-2019-03,2019-08-31,k-t05,True,,false,,state_treasury_municipal_ktas_taxonomy,https://tkdpprodjrpstacc02.blob.core.windows.net/kuntataloudentaksonomia/KTAS.json,2026-08-18
1866,,Maksutulot,Avgiftsintäkter,Fee income,Laadintakauden talousarvio 202x-1 (mukaan lukien talousarviomuutokset),Budget för perioden 202x-1 (inklusive budgetändringar),Drafting period budget 202x-1 (including budget changes),prior_year_amended_budget,-1,2,Kaikki palvelu- ja tehtäväluokat,,KTAS,jhs-2019-03,2019-08-31,k-t05,True,,false,,state_treasury_municipal_ktas_taxonomy,https://tkdpprodjrpstacc02.blob.core.windows.net/kuntataloudentaksonomia/KTAS.json,2026-08-18
1867,,Rakennukset: sosiaali- ja terveystoimi,Byggnader: social- och hälsovårdssektorn,Buildings: social welfare and healthcare,Taloussuunnitelma 202x+2,Ekonomiplan 202x+2,Financial plan 202x+2,plan_year_plus_2,2,3,Sosiaali- ja terveystoimi,,KTAS,jhs-2019-03,2019-08-31,k-t05,True,,false,,state_treasury_municipal_ktas_taxonomy,https://tkdpprodjrpstacc02.blob.core.windows.net/kuntataloudentaksonomia/KTAS.json,2026-08-18
1868,,Rakennukset: opetus- ja kulttuuritoimi,Byggnader: undervisnings- och kultursektorn,Buildings: education and culture,Laadintakauden talousarvio 202x-1 (mukaan lukien talousarviomuutokset),Budget för perioden 202x-1 (inklusive budgetändringar),Drafting period budget 202x-1 (including budget changes),prior_year_amended_budget,-1,3,Opetus- ja kulttuuritoimi,,KTAS,jhs-2019-03,2019-08-31,k-t05,True,,false,,state_treasury_municipal_ktas_taxonomy,https://tkdpprodjrpstacc02.blob.core.windows.net/kuntataloudentaksonomia/KTAS.json,2026-08-18
1870,,Maa- ja vesialueet,Mark- och vattenområden,Land and water areas,Taloussuunnitelma 202x+1,Ekonomiplan 202x+1,Financial plan 202x+1,plan_year_plus_1,1,2,Kaikki palvelu- ja tehtäväluokat,,KTAS,jhs-2019-03,2019-08-31,k-t05,True,,false,,state_treasury_municipal_ktas_taxonomy,https://tkdpprodjrpstacc02.blob.core.windows.net/kuntataloudentaksonomia/KTAS.json,2026-08-18
1871,,Maksutulot,Avgiftsintäkter,Fee income,Talousarvio 202x,Budget 202x,Budget 202x,current_budget,0,2,Kaikki palvelu- ja tehtäväluokat,,KTAS,jhs-2019-03,2019-08-31,k-t05,True,,false,,state_treasury_municipal_ktas_taxonomy,https://tkdpprodjrpstacc02.blob.core.windows.net/kuntataloudentaksonomia/KTAS.json,2026-08-18
1872,,Myyntitulot,Försäljningsintäkter,Sales income,Laadintakauden talousarvio 202x-1 (mukaan lukien talousarviomuutokset),Budget för perioden 202x-1 (inklusive budgetändringar),Drafting period budget 202x-1 (including budget changes),prior_year_amended_budget,-1,2,Kaikki palvelu- ja tehtäväluokat,,KTAS,jhs-2019-03,2019-08-31,k-t05,True,,false,,state_treasury_municipal_ktas_taxonomy,https://tkdpprodjrpstacc02.blob.core.windows.net/kuntataloudentaksonomia/KTAS.json,2026-08-18
1873,,Muut toimintatulot,Övriga verksamhetsintäkter,Other operating income,Taloussuunnitelma 202x+1,Ekonomiplan 202x+1,Financial plan 202x+1,plan_year_plus_1,1,2,Kaikki palvelu- ja tehtäväluokat,,KTAS,jhs-2019-03,2019-08-31,k-t05,True,,false,,state_treasury_municipal_ktas_taxonomy,https://tkdpprodjrpstacc02.blob.core.windows.net/kuntataloudentaksonomia/KTAS.json,2026-08-18
1874,,Muut toimintatulot,Övriga verksamhetsintäkter,Other operating income,Taloussuunnitelma 202x+2,Ekonomiplan 202x+2,Financial plan 202x+2,plan_year_plus_2,2,2,Kaikki palvelu- ja tehtäväluokat,,KTAS,jhs-2019-03,2019-08-31,k-t05,True,,false,,state_treasury_municipal_ktas_taxonomy,https://tkdpprodjrpstacc02.blob.core.windows.net/kuntataloudentaksonomia/KTAS.json,2026-08-18
1875,,Rakennukset: sosiaali- ja terveystoimi,Byggnader: social- och hälsovårdssektorn,Buildings: social welfare and healthcare,Talousarvio 202x,Budget 202x,Budget 202x,current_budget,0,3,Sosiaali- ja terveystoimi,,KTAS,jhs-2019-03,2019-08-31,k-t05,True,,false,,state_treasury_municipal_ktas_taxonomy,https://tkdpprodjrpstacc02.blob.core.windows.net/kuntataloudentaksonomia/KTAS.json,2026-08-18
1876,,Muut aineelliset hyödykkeet,Övriga materiella tillgångar,Other tangible assets,Talousarvio 202x,Budget 202x,Budget 202x,current_budget,0,2,Kaikki palvelu- ja tehtäväluokat,,KTAS,jhs-2019-03,2019-08-31,k-t05,True,,false,,state_treasury_municipal_ktas_taxonomy,https://tkdpprodjrpstacc02.blob.core.windows.net/kuntataloudentaksonomia/KTAS.json,2026-08-18
1877,,Kiinteät rakenteet ja laitteet,Fasta konstruktioner och anordningar,Fixed structures and installations,Talousarvio 202x,Budget 202x,Budget 202x,current_budget,0,2,Kaikki palvelu- ja tehtäväluokat,,KTAS,jhs-2019-03,2019-08-31,k-t05,True,,false,,state_treasury_municipal_ktas_taxonomy,https://tkdpprodjrpstacc02.blob.core.windows.net/kuntataloudentaksonomia/KTAS.json,2026-08-18
1878,,Rakennukset: opetus- ja kulttuuritoimi,Byggnader: undervisnings- och kultursektorn,Buildings: education and culture,Talousarvio 202x,Budget 202x,Budget 202x,current_budget,0,3,Opetus- ja kulttuuritoimi,,KTAS,jhs-2019-03,2019-08-31,k-t05,True,,false,,state_treasury_municipal_ktas_taxonomy,https://tkdpprodjrpstacc02.blob.core.windows.net/kuntataloudentaksonomia/KTAS.json,2026-08-18
1879,,Koneet ja kalusto,Maskiner och inventarier,Machinery and equipment,Talousarvio 202x,Budget 202x,Budget 202x,current_budget,0,2,Kaikki palvelu- ja tehtäväluokat,,KTAS,jhs-2019-03,2019-08-31,k-t05,True,,false,,state_treasury_municipal_ktas_taxonomy,https://tkdpprodjrpstacc02.blob.core.windows.net/kuntataloudentaksonomia/KTAS.json,2026-08-18
1880,,Aineettomat hyödykkeet,Immateriella tillgångar,Intangible assets,Talousarvio 202x,Budget 202x,Budget 202x,current_budget,0,2,Kaikki palvelu- ja tehtäväluokat,,KTAS,jhs-2019-03,2019-08-31,k-t05,True,,false,,state_treasury_municipal_ktas_taxonomy,https://tkdpprodjrpstacc02.blob.core.windows.net/kuntataloudentaksonomia/KTAS.json,2026-08-18
1881,,Rakennukset: muut,Byggnader: övriga,Buildings: other,Talousarvio 202x,Budget 202x,Budget 202x,current_budget,0,3,"Muut, kuin opetus-, kulttuuri-, sosiaali- tai terveystoimi",,KTAS,jhs-2019-03,2019-08-31,k-t05,True,,false,,state_treasury_municipal_ktas_taxonomy,https://tkdpprodjrpstacc02.blob.core.windows.net/kuntataloudentaksonomia/KTAS.json,2026-08-18
1882,,Osakkeet ja osuudet,Aktier och andelar,Shares,Talousarvio 202x,Budget 202x,Budget 202x,current_budget,0,2,Kaikki palvelu- ja tehtäväluokat,,KTAS,jhs-2019-03,2019-08-31,k-t05,True,,false,,state_treasury_municipal_ktas_taxonomy,https://tkdpprodjrpstacc02.blob.core.windows.net/kuntataloudentaksonomia/KTAS.json,2026-08-18
1883,,Rakennukset: muut,Byggnader: övriga,Buildings: other,Taloussuunnitelma 202x+1,Ekonomiplan 202x+1,Financial plan 202x+1,plan_year_plus_1,1,3,"Muut, kuin opetus-, kulttuuri-, sosiaali- tai terveystoimi",,KTAS,jhs-2019-03,2019-08-31,k-t05,True,,false,,state_treasury_municipal_ktas_taxonomy,https://tkdpprodjrpstacc02.blob.core.windows.net/kuntataloudentaksonomia/KTAS.json,2026-08-18
1884,,Aineettomat hyödykkeet,Immateriella tillgångar,Intangible assets,Taloussuunnitelma 202x+1,Ekonomiplan 202x+1,Financial plan 202x+1,plan_year_plus_1,1,2,Kaikki palvelu- ja tehtäväluokat,,KTAS,jhs-2019-03,2019-08-31,k-t05,True,,false,,state_treasury_municipal_ktas_taxonomy,https://tkdpprodjrpstacc02.blob.core.windows.net/kuntataloudentaksonomia/KTAS.json,2026-08-18
1885,,Rakennukset: sosiaali- ja terveystoimi,Byggnader: social- och hälsovårdssektorn,Buildings: social welfare and healthcare,Taloussuunnitelma 202x+1,Ekonomiplan 202x+1,Financial plan 202x+1,plan_year_plus_1,1,3,Sosiaali- ja terveystoimi,,KTAS,jhs-2019-03,2019-08-31,k-t05,True,,false,,state_treasury_municipal_ktas_taxonomy,https://tkdpprodjrpstacc02.blob.core.windows.net/kuntataloudentaksonomia/KTAS.json,2026-08-18
1886,,Maa- ja vesialueet,Mark- och vattenområden,Land and water areas,Taloussuunnitelma 202x+2,Ekonomiplan 202x+2,Financial plan 202x+2,plan_year_plus_2,2,2,Kaikki palvelu- ja tehtäväluokat,,KTAS,jhs-2019-03,2019-08-31,k-t05,True,,false,,state_treasury_municipal_ktas_taxonomy,https://tkdpprodjrpstacc02.blob.core.windows.net/kuntataloudentaksonomia/KTAS.json,2026-08-18
1887,,Muut aineelliset hyödykkeet,Övriga materiella tillgångar,Other tangible assets,Laadintakauden talousarvio 202x-1 (mukaan lukien talousarviomuutokset),Budget för perioden 202x-1 (inklusive budgetändringar),Drafting period budget 202x-1 (including budget changes),prior_year_amended_budget,-1,2,Kaikki palvelu- ja tehtäväluokat,,KTAS,jhs-2019-03,2019-08-31,k-t05,True,,false,,state_treasury_municipal_ktas_taxonomy,https://tkdpprodjrpstacc02.blob.core.windows.net/kuntataloudentaksonomia/KTAS.json,2026-08-18
1888,,Maa- ja vesialueet,Mark- och vattenområden,Land and water areas,Laadintakauden talousarvio 202x-1 (mukaan lukien talousarviomuutokset),Budget för perioden 202x-1 (inklusive budgetändringar),Drafting period budget 202x-1 (including budget changes),prior_year_amended_budget,-1,2,Kaikki palvelu- ja tehtäväluokat,,KTAS,jhs-2019-03,2019-08-31,k-t05,True,,false,,state_treasury_municipal_ktas_taxonomy,https://tkdpprodjrpstacc02.blob.core.windows.net/kuntataloudentaksonomia/KTAS.json,2026-08-18
1889,,Rakennukset: muut,Byggnader: övriga,Buildings: other,Taloussuunnitelma 202x+2,Ekonomiplan 202x+2,Financial plan 202x+2,plan_year_plus_2,2,3,"Muut, kuin opetus-, kulttuuri-, sosiaali- tai terveystoimi",,KTAS,jhs-2019-03,2019-08-31,k-t05,True,,false,,state_treasury_municipal_ktas_taxonomy,https://tkdpprodjrpstacc02.blob.core.windows.net/kuntataloudentaksonomia/KTAS.json,2026-08-18
1890,,Kiinteät rakenteet ja laitteet,Fasta konstruktioner och anordningar,Fixed structures and installations,Laadintakauden talousarvio 202x-1 (mukaan lukien talousarviomuutokset),Budget för perioden 202x-1 (inklusive budgetändringar),Drafting period budget 202x-1 (including budget changes),prior_year_amended_budget,-1,2,Kaikki palvelu- ja tehtäväluokat,,KTAS,jhs-2019-03,2019-08-31,k-t05,True,,false,,state_treasury_municipal_ktas_taxonomy,https://tkdpprodjrpstacc02.blob.core.windows.net/kuntataloudentaksonomia/KTAS.json,2026-08-18
1891,,Aineettomat hyödykkeet,Immateriella tillgångar,Intangible assets,Laadintakauden talousarvio 202x-1 (mukaan lukien talousarviomuutokset),Budget för perioden 202x-1 (inklusive budgetändringar),Drafting period budget 202x-1 (including budget changes),prior_year_amended_budget,-1,2,Kaikki palvelu- ja tehtäväluokat,,KTAS,jhs-2019-03,2019-08-31,k-t05,True,,false,,state_treasury_municipal_ktas_taxonomy,https://tkdpprodjrpstacc02.blob.core.windows.net/kuntataloudentaksonomia/KTAS.json,2026-08-18
1892,,Kiinteät rakenteet ja laitteet,Fasta konstruktioner och anordningar,Fixed structures and installations,Taloussuunnitelma 202x+2,Ekonomiplan 202x+2,Financial plan 202x+2,plan_year_plus_2,2,2,Kaikki palvelu- ja tehtäväluokat,,KTAS,jhs-2019-03,2019-08-31,k-t05,True,,false,,state_treasury_municipal_ktas_taxonomy,https://tkdpprodjrpstacc02.blob.core.windows.net/kuntataloudentaksonomia/KTAS.json,2026-08-18
1893,,Muut toimintatulot,Övriga verksamhetsintäkter,Other operating income,Laadintakauden talousarvio 202x-1 (mukaan lukien talousarviomuutokset),Budget för perioden 202x-1 (inklusive budgetändringar),Drafting period budget 202x-1 (including budget changes),prior_year_amended_budget,-1,2,Kaikki palvelu- ja tehtäväluokat,,KTAS,jhs-2019-03,2019-08-31,k-t05,True,,false,,state_treasury_municipal_ktas_taxonomy,https://tkdpprodjrpstacc02.blob.core.windows.net/kuntataloudentaksonomia/KTAS.json,2026-08-18
1894,,Rakennukset: muut,Byggnader: övriga,Buildings: other,Laadintakauden talousarvio 202x-1 (mukaan lukien talousarviomuutokset),Budget för perioden 202x-1 (inklusive budgetändringar),Drafting period budget 202x-1 (including budget changes),prior_year_amended_budget,-1,3,"Muut, kuin opetus-, kulttuuri-, sosiaali- tai terveystoimi",,KTAS,jhs-2019-03,2019-08-31,k-t05,True,,false,,state_treasury_municipal_ktas_taxonomy,https://tkdpprodjrpstacc02.blob.core.windows.net/kuntataloudentaksonomia/KTAS.json,2026-08-18
1895,,Koneet ja kalusto,Maskiner och inventarier,Machinery and equipment,Taloussuunnitelma 202x+1,Ekonomiplan 202x+1,Financial plan 202x+1,plan_year_plus_1,1,2,Kaikki palvelu- ja tehtäväluokat,,KTAS,jhs-2019-03,2019-08-31,k-t05,True,,false,,state_treasury_municipal_ktas_taxonomy,https://tkdpprodjrpstacc02.blob.core.windows.net/kuntataloudentaksonomia/KTAS.json,2026-08-18
1896,,Muut aineelliset hyödykkeet,Övriga materiella tillgångar,Other tangible assets,Taloussuunnitelma 202x+2,Ekonomiplan 202x+2,Financial plan 202x+2,plan_year_plus_2,2,2,Kaikki palvelu- ja tehtäväluokat,,KTAS,jhs-2019-03,2019-08-31,k-t05,True,,false,,state_treasury_municipal_ktas_taxonomy,https://tkdpprodjrpstacc02.blob.core.windows.net/kuntataloudentaksonomia/KTAS.json,2026-08-18
1897,,Rakennukset,Byggnader,Buildings,Taloussuunnitelma 202x+1,Ekonomiplan 202x+1,Financial plan 202x+1,plan_year_plus_1,1,2,Kaikki palvelu- ja tehtäväluokat,,KTAS,jhs-2019-03,2019-08-31,k-t05,,,false,,state_treasury_municipal_ktas_taxonomy,https://tkdpprodjrpstacc02.blob.core.windows.net/kuntataloudentaksonomia/KTAS.json,2026-08-18
1899,,Rakennukset,Byggnader,Buildings,Laadintakauden talousarvio 202x-1 (mukaan lukien talousarviomuutokset),Budget för perioden 202x-1 (inklusive budgetändringar),Drafting period budget 202x-1 (including budget changes),prior_year_amended_budget,-1,2,Kaikki palvelu- ja tehtäväluokat,,KTAS,jhs-2019-03,2019-08-31,k-t05,,,false,,state_treasury_municipal_ktas_taxonomy,https://tkdpprodjrpstacc02.blob.core.windows.net/kuntataloudentaksonomia/KTAS.json,2026-08-18
1900,,Rakennukset,Byggnader,Buildings,Taloussuunnitelma 202x+2,Ekonomiplan 202x+2,Financial plan 202x+2,plan_year_plus_2,2,2,Kaikki palvelu- ja tehtäväluokat,,KTAS,jhs-2019-03,2019-08-31,k-t05,,,false,,state_treasury_municipal_ktas_taxonomy,https://tkdpprodjrpstacc02.blob.core.windows.net/kuntataloudentaksonomia/KTAS.json,2026-08-18
1902,,Tuloveroprosentti,Inkomstskattesats,Income tax rate,Taloussuunnitelma 202x+2,Ekonomiplan 202x+2,Financial plan 202x+2,plan_year_plus_2,2,1,Kaikki palvelu- ja tehtäväluokat,,KTAS,jhs-2019-03,2019-08-31,k-t05,True,,false,,state_treasury_municipal_ktas_taxonomy,https://tkdpprodjrpstacc02.blob.core.windows.net/kuntataloudentaksonomia/KTAS.json,2026-08-18
1903,,Tuloveroprosentti,Inkomstskattesats,Income tax rate,Taloussuunnitelma 202x+1,Ekonomiplan 202x+1,Financial plan 202x+1,plan_year_plus_1,1,1,Kaikki palvelu- ja tehtäväluokat,,KTAS,jhs-2019-03,2019-08-31,k-t05,True,,false,,state_treasury_municipal_ktas_taxonomy,https://tkdpprodjrpstacc02.blob.core.windows.net/kuntataloudentaksonomia/KTAS.json,2026-08-18
1906,,Tuloveroprosentti,Inkomstskattesats,Income tax rate,Talousarvio 202x,Budget 202x,Budget 202x,current_budget,0,1,Kaikki palvelu- ja tehtäväluokat,,KTAS,jhs-2019-03,2019-08-31,k-t05,,,false,,state_treasury_municipal_ktas_taxonomy,https://tkdpprodjrpstacc02.blob.core.windows.net/kuntataloudentaksonomia/KTAS.json,2026-08-18
1909,,Lisätieto,Tilläggsuppgift,Additional information,Raportin tiedot,Uppgifter i rapporten,Report details,,,1,,,KTAS,jhs-2019-03,2019-08-31,t00,,,false,,state_treasury_municipal_ktas_taxonomy,https://tkdpprodjrpstacc02.blob.core.windows.net/kuntataloudentaksonomia/KTAS.json,2026-08-18
1910,,Tilinpäätössiirrot + (-),Bokslutsdispositioner + (-),Appropriations + (-),Taloussuunnitelma 202x+2,Ekonomiplan 202x+2,Financial plan 202x+2,plan_year_plus_2,2,1,Kaikki palvelu- ja tehtäväluokat,,KTAS,jhs-2019-03,2019-08-31,k-t05,True,,false,,state_treasury_municipal_ktas_taxonomy,https://tkdpprodjrpstacc02.blob.core.windows.net/kuntataloudentaksonomia/KTAS.json,2026-08-18
1911,,Tilinpäätössiirrot + (-),Bokslutsdispositioner + (-),Appropriations + (-),Taloussuunnitelma 202x+1,Ekonomiplan 202x+1,Financial plan 202x+1,plan_year_plus_1,1,1,Kaikki palvelu- ja tehtäväluokat,,KTAS,jhs-2019-03,2019-08-31,k-t05,True,,false,,state_treasury_municipal_ktas_taxonomy,https://tkdpprodjrpstacc02.blob.core.windows.net/kuntataloudentaksonomia/KTAS.json,2026-08-18
1913,,Tuloveroprosentti,Inkomstskattesats,Income tax rate,Laadintakauden talousarvio 202x-1 (mukaan lukien talousarviomuutokset),Budget för perioden 202x-1 (inklusive budgetändringar),Drafting period budget 202x-1 (including budget changes),prior_year_amended_budget,-1,1,Kaikki palvelu- ja tehtäväluokat,,KTAS,jhs-2019-03,2019-08-31,k-t05,,,false,,state_treasury_municipal_ktas_taxonomy,https://tkdpprodjrpstacc02.blob.core.windows.net/kuntataloudentaksonomia/KTAS.json,2026-08-18
1918,,Rakennukset,Byggnader,Buildings,Talousarvio 202x,Budget 202x,Budget 202x,current_budget,0,2,Kaikki palvelu- ja tehtäväluokat,,KTAS,jhs-2019-03,2019-08-31,k-t05,,,false,,state_treasury_municipal_ktas_taxonomy,https://tkdpprodjrpstacc02.blob.core.windows.net/kuntataloudentaksonomia/KTAS.json,2026-08-18
1937,,Tilinpäätössiirrot + (-),Bokslutsdispositioner + (-),Appropriations + (-),Laadintakauden talousarvio 202x-1 (mukaan lukien talousarviomuutokset),Budget för perioden 202x-1 (inklusive budgetändringar),Drafting period budget 202x-1 (including budget changes),prior_year_amended_budget,-1,1,Kaikki palvelu- ja tehtäväluokat,,KTAS,jhs-2019-03,2019-08-31,k-t05,True,,false,,state_treasury_municipal_ktas_taxonomy,https://tkdpprodjrpstacc02.blob.core.windows.net/kuntataloudentaksonomia/KTAS.json,2026-08-18
1940,,Tilinpäätössiirrot + (-),Bokslutsdispositioner + (-),Appropriations + (-),Talousarvio 202x,Budget 202x,Budget 202x,current_budget,0,1,Kaikki palvelu- ja tehtäväluokat,,KTAS,jhs-2019-03,2019-08-31,k-t05,True,,false,,state_treasury_municipal_ktas_taxonomy,https://tkdpprodjrpstacc02.blob.core.windows.net/kuntataloudentaksonomia/KTAS.json,2026-08-18
31626,gross_investment_expenditure_eur,Investointimenot yhteensä (brutto),Investeringsutgifter totalt (brutto),"Investment expenditure, total (gross)",Taloussuunnitelma 202x+1,Ekonomiplan 202x+1,Financial plan 202x+1,plan_year_plus_1,1,1,Kaikki palvelu- ja tehtäväluokat,,KTAS,jhs-2019-03,2019-08-31,k-t05,,,true,EUR,state_treasury_municipal_ktas_taxonomy,https://tkdpprodjrpstacc02.blob.core.windows.net/kuntataloudentaksonomia/KTAS.json,2026-08-18
58070,gross_investment_expenditure_eur,Investointimenot yhteensä (brutto),Investeringsutgifter totalt (brutto),"Investment expenditure, total (gross)",Taloussuunnitelma 202x+2,Ekonomiplan 202x+2,Financial plan 202x+2,plan_year_plus_2,2,1,Kaikki palvelu- ja tehtäväluokat,,KTAS,jhs-2019-03,2019-08-31,k-t05,,,true,EUR,state_treasury_municipal_ktas_taxonomy,https://tkdpprodjrpstacc02.blob.core.windows.net/kuntataloudentaksonomia/KTAS.json,2026-08-18
161188,gross_investment_expenditure_eur,Investointimenot yhteensä (brutto),Investeringsutgifter totalt (brutto),"Investment expenditure, total (gross)",Laadintakauden talousarvio 202x-1 (mukaan lukien talousarviomuutokset),Budget för perioden 202x-1 (inklusive budgetändringar),Drafting period budget 202x-1 (including budget changes),prior_year_amended_budget,-1,1,Kaikki palvelu- ja tehtäväluokat,,KTAS,jhs-2019-03,2019-08-31,k-t05,,,true,EUR,state_treasury_municipal_ktas_taxonomy,https://tkdpprodjrpstacc02.blob.core.windows.net/kuntataloudentaksonomia/KTAS.json,2026-08-18
176610,gross_investment_expenditure_eur,Investointimenot yhteensä (brutto),Investeringsutgifter totalt (brutto),"Investment expenditure, total (gross)",Talousarvio 202x,Budget 202x,Budget 202x,current_budget,0,1,Kaikki palvelu- ja tehtäväluokat,,KTAS,jhs-2019-03,2019-08-31,k-t05,,,true,EUR,state_treasury_municipal_ktas_taxonomy,https://tkdpprodjrpstacc02.blob.core.windows.net/kuntataloudentaksonomia/KTAS.json,2026-08-18
k-t05_R0010,,Kunnan ja kuntayhtymän talousarvio ja -suunnitelma ,Budget och ekonomiplan för kommun och samkommun,Budget and financial plan of a municipality and joint municipal authority,,,,,,,,,KTAS,jhs-2019-03,2019-08-31,k-t05,,,false,,state_treasury_municipal_ktas_taxonomy,https://tkdpprodjrpstacc02.blob.core.windows.net/kuntataloudentaksonomia/KTAS.json,2026-08-18
