metric_id,metric_name_fi,theme,year,value,unit,status,is_latest_available,source_id,source_url,source_updated
doctor_consultations_per_person,Lääkärikontaktit asukasta kohden,use,2017,4.76,PER_PERSON,,false,eurostat_hlth_hc_phys2,https://ec.europa.eu/eurostat/api/dissemination/statistics/1.0/data/hlth_hc_phys2?geo=FI&unit=NR_HAB&hlthcare=CONSULT,2026-07-13T11:00:00+0200
doctor_consultations_per_person,Lääkärikontaktit asukasta kohden,use,2018,4.76,PER_PERSON,,false,eurostat_hlth_hc_phys2,https://ec.europa.eu/eurostat/api/dissemination/statistics/1.0/data/hlth_hc_phys2?geo=FI&unit=NR_HAB&hlthcare=CONSULT,2026-07-13T11:00:00+0200
doctor_consultations_per_person,Lääkärikontaktit asukasta kohden,use,2019,4.75,PER_PERSON,b,false,eurostat_hlth_hc_phys2,https://ec.europa.eu/eurostat/api/dissemination/statistics/1.0/data/hlth_hc_phys2?geo=FI&unit=NR_HAB&hlthcare=CONSULT,2026-07-13T11:00:00+0200
doctor_consultations_per_person,Lääkärikontaktit asukasta kohden,use,2020,4.37,PER_PERSON,,false,eurostat_hlth_hc_phys2,https://ec.europa.eu/eurostat/api/dissemination/statistics/1.0/data/hlth_hc_phys2?geo=FI&unit=NR_HAB&hlthcare=CONSULT,2026-07-13T11:00:00+0200
doctor_consultations_per_person,Lääkärikontaktit asukasta kohden,use,2021,4.64,PER_PERSON,,false,eurostat_hlth_hc_phys2,https://ec.europa.eu/eurostat/api/dissemination/statistics/1.0/data/hlth_hc_phys2?geo=FI&unit=NR_HAB&hlthcare=CONSULT,2026-07-13T11:00:00+0200
doctor_consultations_per_person,Lääkärikontaktit asukasta kohden,use,2022,4.41,PER_PERSON,,false,eurostat_hlth_hc_phys2,https://ec.europa.eu/eurostat/api/dissemination/statistics/1.0/data/hlth_hc_phys2?geo=FI&unit=NR_HAB&hlthcare=CONSULT,2026-07-13T11:00:00+0200
doctor_consultations_per_person,Lääkärikontaktit asukasta kohden,use,2023,4.25,PER_PERSON,,false,eurostat_hlth_hc_phys2,https://ec.europa.eu/eurostat/api/dissemination/statistics/1.0/data/hlth_hc_phys2?geo=FI&unit=NR_HAB&hlthcare=CONSULT,2026-07-13T11:00:00+0200
doctor_consultations_per_person,Lääkärikontaktit asukasta kohden,use,2024,4.16,PER_PERSON,,true,eurostat_hlth_hc_phys2,https://ec.europa.eu/eurostat/api/dissemination/statistics/1.0/data/hlth_hc_phys2?geo=FI&unit=NR_HAB&hlthcare=CONSULT,2026-07-13T11:00:00+0200
healthy_life_years,Terveet elinvuodet syntymähetkellä,outcome,2008,59.1,YEARS,,false,eurostat_hlth_hlye,https://ec.europa.eu/eurostat/api/dissemination/statistics/1.0/data/hlth_hlye?geo=FI&sex=T&unit=YR&hlth_hle=HLY_Y0,2026-07-17T23:00:00+0200
healthy_life_years,Terveet elinvuodet syntymähetkellä,outcome,2009,58.4,YEARS,,false,eurostat_hlth_hlye,https://ec.europa.eu/eurostat/api/dissemination/statistics/1.0/data/hlth_hlye?geo=FI&sex=T&unit=YR&hlth_hle=HLY_Y0,2026-07-17T23:00:00+0200
healthy_life_years,Terveet elinvuodet syntymähetkellä,outcome,2010,58.2,YEARS,,false,eurostat_hlth_hlye,https://ec.europa.eu/eurostat/api/dissemination/statistics/1.0/data/hlth_hlye?geo=FI&sex=T&unit=YR&hlth_hle=HLY_Y0,2026-07-17T23:00:00+0200
healthy_life_years,Terveet elinvuodet syntymähetkellä,outcome,2011,58.0,YEARS,,false,eurostat_hlth_hlye,https://ec.europa.eu/eurostat/api/dissemination/statistics/1.0/data/hlth_hlye?geo=FI&sex=T&unit=YR&hlth_hle=HLY_Y0,2026-07-17T23:00:00+0200
healthy_life_years,Terveet elinvuodet syntymähetkellä,outcome,2012,56.7,YEARS,,false,eurostat_hlth_hlye,https://ec.europa.eu/eurostat/api/dissemination/statistics/1.0/data/hlth_hlye?geo=FI&sex=T&unit=YR&hlth_hle=HLY_Y0,2026-07-17T23:00:00+0200
healthy_life_years,Terveet elinvuodet syntymähetkellä,outcome,2014,58.2,YEARS,,false,eurostat_hlth_hlye,https://ec.europa.eu/eurostat/api/dissemination/statistics/1.0/data/hlth_hlye?geo=FI&sex=T&unit=YR&hlth_hle=HLY_Y0,2026-07-17T23:00:00+0200
healthy_life_years,Terveet elinvuodet syntymähetkellä,outcome,2015,57.8,YEARS,,false,eurostat_hlth_hlye,https://ec.europa.eu/eurostat/api/dissemination/statistics/1.0/data/hlth_hlye?geo=FI&sex=T&unit=YR&hlth_hle=HLY_Y0,2026-07-17T23:00:00+0200
healthy_life_years,Terveet elinvuodet syntymähetkellä,outcome,2016,58.1,YEARS,,false,eurostat_hlth_hlye,https://ec.europa.eu/eurostat/api/dissemination/statistics/1.0/data/hlth_hlye?geo=FI&sex=T&unit=YR&hlth_hle=HLY_Y0,2026-07-17T23:00:00+0200
healthy_life_years,Terveet elinvuodet syntymähetkellä,outcome,2017,57.4,YEARS,,false,eurostat_hlth_hlye,https://ec.europa.eu/eurostat/api/dissemination/statistics/1.0/data/hlth_hlye?geo=FI&sex=T&unit=YR&hlth_hle=HLY_Y0,2026-07-17T23:00:00+0200
healthy_life_years,Terveet elinvuodet syntymähetkellä,outcome,2018,57.4,YEARS,,false,eurostat_hlth_hlye,https://ec.europa.eu/eurostat/api/dissemination/statistics/1.0/data/hlth_hlye?geo=FI&sex=T&unit=YR&hlth_hle=HLY_Y0,2026-07-17T23:00:00+0200
healthy_life_years,Terveet elinvuodet syntymähetkellä,outcome,2019,56.4,YEARS,,false,eurostat_hlth_hlye,https://ec.europa.eu/eurostat/api/dissemination/statistics/1.0/data/hlth_hlye?geo=FI&sex=T&unit=YR&hlth_hle=HLY_Y0,2026-07-17T23:00:00+0200
healthy_life_years,Terveet elinvuodet syntymähetkellä,outcome,2020,56.9,YEARS,,false,eurostat_hlth_hlye,https://ec.europa.eu/eurostat/api/dissemination/statistics/1.0/data/hlth_hlye?geo=FI&sex=T&unit=YR&hlth_hle=HLY_Y0,2026-07-17T23:00:00+0200
healthy_life_years,Terveet elinvuodet syntymähetkellä,outcome,2021,61.7,YEARS,,false,eurostat_hlth_hlye,https://ec.europa.eu/eurostat/api/dissemination/statistics/1.0/data/hlth_hlye?geo=FI&sex=T&unit=YR&hlth_hle=HLY_Y0,2026-07-17T23:00:00+0200
healthy_life_years,Terveet elinvuodet syntymähetkellä,outcome,2022,57.9,YEARS,,false,eurostat_hlth_hlye,https://ec.europa.eu/eurostat/api/dissemination/statistics/1.0/data/hlth_hlye?geo=FI&sex=T&unit=YR&hlth_hle=HLY_Y0,2026-07-17T23:00:00+0200
healthy_life_years,Terveet elinvuodet syntymähetkellä,outcome,2023,57.1,YEARS,,false,eurostat_hlth_hlye,https://ec.europa.eu/eurostat/api/dissemination/statistics/1.0/data/hlth_hlye?geo=FI&sex=T&unit=YR&hlth_hle=HLY_Y0,2026-07-17T23:00:00+0200
healthy_life_years,Terveet elinvuodet syntymähetkellä,outcome,2024,57.3,YEARS,,true,eurostat_hlth_hlye,https://ec.europa.eu/eurostat/api/dissemination/statistics/1.0/data/hlth_hlye?geo=FI&sex=T&unit=YR&hlth_hle=HLY_Y0,2026-07-17T23:00:00+0200
life_expectancy_years,Elinajanodote syntymähetkellä,outcome,2008,79.9,YEARS,,false,eurostat_demo_mlexpec,https://ec.europa.eu/eurostat/api/dissemination/statistics/1.0/data/demo_mlexpec?geo=FI&sex=T&age=Y_LT1,2026-06-04T23:00:00+0200
life_expectancy_years,Elinajanodote syntymähetkellä,outcome,2009,80.1,YEARS,,false,eurostat_demo_mlexpec,https://ec.europa.eu/eurostat/api/dissemination/statistics/1.0/data/demo_mlexpec?geo=FI&sex=T&age=Y_LT1,2026-06-04T23:00:00+0200
life_expectancy_years,Elinajanodote syntymähetkellä,outcome,2010,80.2,YEARS,,false,eurostat_demo_mlexpec,https://ec.europa.eu/eurostat/api/dissemination/statistics/1.0/data/demo_mlexpec?geo=FI&sex=T&age=Y_LT1,2026-06-04T23:00:00+0200
life_expectancy_years,Elinajanodote syntymähetkellä,outcome,2011,80.6,YEARS,,false,eurostat_demo_mlexpec,https://ec.europa.eu/eurostat/api/dissemination/statistics/1.0/data/demo_mlexpec?geo=FI&sex=T&age=Y_LT1,2026-06-04T23:00:00+0200
life_expectancy_years,Elinajanodote syntymähetkellä,outcome,2012,80.7,YEARS,,false,eurostat_demo_mlexpec,https://ec.europa.eu/eurostat/api/dissemination/statistics/1.0/data/demo_mlexpec?geo=FI&sex=T&age=Y_LT1,2026-06-04T23:00:00+0200
life_expectancy_years,Elinajanodote syntymähetkellä,outcome,2013,81.1,YEARS,,false,eurostat_demo_mlexpec,https://ec.europa.eu/eurostat/api/dissemination/statistics/1.0/data/demo_mlexpec?geo=FI&sex=T&age=Y_LT1,2026-06-04T23:00:00+0200
life_expectancy_years,Elinajanodote syntymähetkellä,outcome,2014,81.1,YEARS,b,false,eurostat_demo_mlexpec,https://ec.europa.eu/eurostat/api/dissemination/statistics/1.0/data/demo_mlexpec?geo=FI&sex=T&age=Y_LT1,2026-06-04T23:00:00+0200
life_expectancy_years,Elinajanodote syntymähetkellä,outcome,2015,81.4,YEARS,,false,eurostat_demo_mlexpec,https://ec.europa.eu/eurostat/api/dissemination/statistics/1.0/data/demo_mlexpec?geo=FI&sex=T&age=Y_LT1,2026-06-04T23:00:00+0200
life_expectancy_years,Elinajanodote syntymähetkellä,outcome,2016,81.3,YEARS,,false,eurostat_demo_mlexpec,https://ec.europa.eu/eurostat/api/dissemination/statistics/1.0/data/demo_mlexpec?geo=FI&sex=T&age=Y_LT1,2026-06-04T23:00:00+0200
life_expectancy_years,Elinajanodote syntymähetkellä,outcome,2017,81.5,YEARS,,false,eurostat_demo_mlexpec,https://ec.europa.eu/eurostat/api/dissemination/statistics/1.0/data/demo_mlexpec?geo=FI&sex=T&age=Y_LT1,2026-06-04T23:00:00+0200
life_expectancy_years,Elinajanodote syntymähetkellä,outcome,2018,81.6,YEARS,,false,eurostat_demo_mlexpec,https://ec.europa.eu/eurostat/api/dissemination/statistics/1.0/data/demo_mlexpec?geo=FI&sex=T&age=Y_LT1,2026-06-04T23:00:00+0200
life_expectancy_years,Elinajanodote syntymähetkellä,outcome,2019,81.9,YEARS,,false,eurostat_demo_mlexpec,https://ec.europa.eu/eurostat/api/dissemination/statistics/1.0/data/demo_mlexpec?geo=FI&sex=T&age=Y_LT1,2026-06-04T23:00:00+0200
life_expectancy_years,Elinajanodote syntymähetkellä,outcome,2020,81.8,YEARS,,false,eurostat_demo_mlexpec,https://ec.europa.eu/eurostat/api/dissemination/statistics/1.0/data/demo_mlexpec?geo=FI&sex=T&age=Y_LT1,2026-06-04T23:00:00+0200
life_expectancy_years,Elinajanodote syntymähetkellä,outcome,2021,81.8,YEARS,,false,eurostat_demo_mlexpec,https://ec.europa.eu/eurostat/api/dissemination/statistics/1.0/data/demo_mlexpec?geo=FI&sex=T&age=Y_LT1,2026-06-04T23:00:00+0200
life_expectancy_years,Elinajanodote syntymähetkellä,outcome,2022,81.2,YEARS,,false,eurostat_demo_mlexpec,https://ec.europa.eu/eurostat/api/dissemination/statistics/1.0/data/demo_mlexpec?geo=FI&sex=T&age=Y_LT1,2026-06-04T23:00:00+0200
life_expectancy_years,Elinajanodote syntymähetkellä,outcome,2023,81.6,YEARS,,false,eurostat_demo_mlexpec,https://ec.europa.eu/eurostat/api/dissemination/statistics/1.0/data/demo_mlexpec?geo=FI&sex=T&age=Y_LT1,2026-06-04T23:00:00+0200
life_expectancy_years,Elinajanodote syntymähetkellä,outcome,2024,82.2,YEARS,,true,eurostat_demo_mlexpec,https://ec.europa.eu/eurostat/api/dissemination/statistics/1.0/data/demo_mlexpec?geo=FI&sex=T&age=Y_LT1,2026-06-04T23:00:00+0200
population_65plus_pct,65 vuotta täyttäneiden osuus väestöstä,demand,2008,16.5,PERCENT,,false,eurostat_demo_pjanind,https://ec.europa.eu/eurostat/api/dissemination/statistics/1.0/data/demo_pjanind?geo=FI&indic_de=PC_Y65_MAX,2026-08-14T23:00:00+0200
population_65plus_pct,65 vuotta täyttäneiden osuus väestöstä,demand,2009,16.7,PERCENT,,false,eurostat_demo_pjanind,https://ec.europa.eu/eurostat/api/dissemination/statistics/1.0/data/demo_pjanind?geo=FI&indic_de=PC_Y65_MAX,2026-08-14T23:00:00+0200
population_65plus_pct,65 vuotta täyttäneiden osuus väestöstä,demand,2010,17.0,PERCENT,,false,eurostat_demo_pjanind,https://ec.europa.eu/eurostat/api/dissemination/statistics/1.0/data/demo_pjanind?geo=FI&indic_de=PC_Y65_MAX,2026-08-14T23:00:00+0200
population_65plus_pct,65 vuotta täyttäneiden osuus väestöstä,demand,2011,17.5,PERCENT,,false,eurostat_demo_pjanind,https://ec.europa.eu/eurostat/api/dissemination/statistics/1.0/data/demo_pjanind?geo=FI&indic_de=PC_Y65_MAX,2026-08-14T23:00:00+0200
population_65plus_pct,65 vuotta täyttäneiden osuus väestöstä,demand,2012,18.1,PERCENT,,false,eurostat_demo_pjanind,https://ec.europa.eu/eurostat/api/dissemination/statistics/1.0/data/demo_pjanind?geo=FI&indic_de=PC_Y65_MAX,2026-08-14T23:00:00+0200
population_65plus_pct,65 vuotta täyttäneiden osuus väestöstä,demand,2013,18.8,PERCENT,,false,eurostat_demo_pjanind,https://ec.europa.eu/eurostat/api/dissemination/statistics/1.0/data/demo_pjanind?geo=FI&indic_de=PC_Y65_MAX,2026-08-14T23:00:00+0200
population_65plus_pct,65 vuotta täyttäneiden osuus väestöstä,demand,2014,19.4,PERCENT,,false,eurostat_demo_pjanind,https://ec.europa.eu/eurostat/api/dissemination/statistics/1.0/data/demo_pjanind?geo=FI&indic_de=PC_Y65_MAX,2026-08-14T23:00:00+0200
population_65plus_pct,65 vuotta täyttäneiden osuus väestöstä,demand,2015,19.9,PERCENT,,false,eurostat_demo_pjanind,https://ec.europa.eu/eurostat/api/dissemination/statistics/1.0/data/demo_pjanind?geo=FI&indic_de=PC_Y65_MAX,2026-08-14T23:00:00+0200
population_65plus_pct,65 vuotta täyttäneiden osuus väestöstä,demand,2016,20.5,PERCENT,,false,eurostat_demo_pjanind,https://ec.europa.eu/eurostat/api/dissemination/statistics/1.0/data/demo_pjanind?geo=FI&indic_de=PC_Y65_MAX,2026-08-14T23:00:00+0200
population_65plus_pct,65 vuotta täyttäneiden osuus väestöstä,demand,2017,20.9,PERCENT,,false,eurostat_demo_pjanind,https://ec.europa.eu/eurostat/api/dissemination/statistics/1.0/data/demo_pjanind?geo=FI&indic_de=PC_Y65_MAX,2026-08-14T23:00:00+0200
population_65plus_pct,65 vuotta täyttäneiden osuus väestöstä,demand,2018,21.4,PERCENT,,false,eurostat_demo_pjanind,https://ec.europa.eu/eurostat/api/dissemination/statistics/1.0/data/demo_pjanind?geo=FI&indic_de=PC_Y65_MAX,2026-08-14T23:00:00+0200
population_65plus_pct,65 vuotta täyttäneiden osuus väestöstä,demand,2019,21.8,PERCENT,,false,eurostat_demo_pjanind,https://ec.europa.eu/eurostat/api/dissemination/statistics/1.0/data/demo_pjanind?geo=FI&indic_de=PC_Y65_MAX,2026-08-14T23:00:00+0200
population_65plus_pct,65 vuotta täyttäneiden osuus väestöstä,demand,2020,22.3,PERCENT,,false,eurostat_demo_pjanind,https://ec.europa.eu/eurostat/api/dissemination/statistics/1.0/data/demo_pjanind?geo=FI&indic_de=PC_Y65_MAX,2026-08-14T23:00:00+0200
population_65plus_pct,65 vuotta täyttäneiden osuus väestöstä,demand,2021,22.7,PERCENT,,false,eurostat_demo_pjanind,https://ec.europa.eu/eurostat/api/dissemination/statistics/1.0/data/demo_pjanind?geo=FI&indic_de=PC_Y65_MAX,2026-08-14T23:00:00+0200
population_65plus_pct,65 vuotta täyttäneiden osuus väestöstä,demand,2022,23.1,PERCENT,,false,eurostat_demo_pjanind,https://ec.europa.eu/eurostat/api/dissemination/statistics/1.0/data/demo_pjanind?geo=FI&indic_de=PC_Y65_MAX,2026-08-14T23:00:00+0200
population_65plus_pct,65 vuotta täyttäneiden osuus väestöstä,demand,2023,23.3,PERCENT,,false,eurostat_demo_pjanind,https://ec.europa.eu/eurostat/api/dissemination/statistics/1.0/data/demo_pjanind?geo=FI&indic_de=PC_Y65_MAX,2026-08-14T23:00:00+0200
population_65plus_pct,65 vuotta täyttäneiden osuus väestöstä,demand,2024,23.4,PERCENT,,false,eurostat_demo_pjanind,https://ec.europa.eu/eurostat/api/dissemination/statistics/1.0/data/demo_pjanind?geo=FI&indic_de=PC_Y65_MAX,2026-08-14T23:00:00+0200
population_65plus_pct,65 vuotta täyttäneiden osuus väestöstä,demand,2025,23.6,PERCENT,,true,eurostat_demo_pjanind,https://ec.europa.eu/eurostat/api/dissemination/statistics/1.0/data/demo_pjanind?geo=FI&indic_de=PC_Y65_MAX,2026-08-14T23:00:00+0200
practising_physicians_per_100k,Potilastyötä tekevät lääkärit,capacity,2008,287.01,PER_100K,,false,eurostat_hlth_rs_prs2,https://ec.europa.eu/eurostat/api/dissemination/statistics/1.0/data/hlth_rs_prs2?geo=FI&unit=P_HTHAB&wstatus=PRACT&med_spec=PHYS,2026-07-13T11:00:00+0200
practising_physicians_per_100k,Potilastyötä tekevät lääkärit,capacity,2009,290.9,PER_100K,,false,eurostat_hlth_rs_prs2,https://ec.europa.eu/eurostat/api/dissemination/statistics/1.0/data/hlth_rs_prs2?geo=FI&unit=P_HTHAB&wstatus=PRACT&med_spec=PHYS,2026-07-13T11:00:00+0200
practising_physicians_per_100k,Potilastyötä tekevät lääkärit,capacity,2010,302.78,PER_100K,,false,eurostat_hlth_rs_prs2,https://ec.europa.eu/eurostat/api/dissemination/statistics/1.0/data/hlth_rs_prs2?geo=FI&unit=P_HTHAB&wstatus=PRACT&med_spec=PHYS,2026-07-13T11:00:00+0200
practising_physicians_per_100k,Potilastyötä tekevät lääkärit,capacity,2011,306.44,PER_100K,,false,eurostat_hlth_rs_prs2,https://ec.europa.eu/eurostat/api/dissemination/statistics/1.0/data/hlth_rs_prs2?geo=FI&unit=P_HTHAB&wstatus=PRACT&med_spec=PHYS,2026-07-13T11:00:00+0200
practising_physicians_per_100k,Potilastyötä tekevät lääkärit,capacity,2012,314.04,PER_100K,,false,eurostat_hlth_rs_prs2,https://ec.europa.eu/eurostat/api/dissemination/statistics/1.0/data/hlth_rs_prs2?geo=FI&unit=P_HTHAB&wstatus=PRACT&med_spec=PHYS,2026-07-13T11:00:00+0200
practising_physicians_per_100k,Potilastyötä tekevät lääkärit,capacity,2013,318.53,PER_100K,,false,eurostat_hlth_rs_prs2,https://ec.europa.eu/eurostat/api/dissemination/statistics/1.0/data/hlth_rs_prs2?geo=FI&unit=P_HTHAB&wstatus=PRACT&med_spec=PHYS,2026-07-13T11:00:00+0200
practising_physicians_per_100k,Potilastyötä tekevät lääkärit,capacity,2014,325.35,PER_100K,,false,eurostat_hlth_rs_prs2,https://ec.europa.eu/eurostat/api/dissemination/statistics/1.0/data/hlth_rs_prs2?geo=FI&unit=P_HTHAB&wstatus=PRACT&med_spec=PHYS,2026-07-13T11:00:00+0200
practising_physicians_per_100k,Potilastyötä tekevät lääkärit,capacity,2015,327.47,PER_100K,,false,eurostat_hlth_rs_prs2,https://ec.europa.eu/eurostat/api/dissemination/statistics/1.0/data/hlth_rs_prs2?geo=FI&unit=P_HTHAB&wstatus=PRACT&med_spec=PHYS,2026-07-13T11:00:00+0200
practising_physicians_per_100k,Potilastyötä tekevät lääkärit,capacity,2016,330.37,PER_100K,,false,eurostat_hlth_rs_prs2,https://ec.europa.eu/eurostat/api/dissemination/statistics/1.0/data/hlth_rs_prs2?geo=FI&unit=P_HTHAB&wstatus=PRACT&med_spec=PHYS,2026-07-13T11:00:00+0200
practising_physicians_per_100k,Potilastyötä tekevät lääkärit,capacity,2017,332.61,PER_100K,,false,eurostat_hlth_rs_prs2,https://ec.europa.eu/eurostat/api/dissemination/statistics/1.0/data/hlth_rs_prs2?geo=FI&unit=P_HTHAB&wstatus=PRACT&med_spec=PHYS,2026-07-13T11:00:00+0200
practising_physicians_per_100k,Potilastyötä tekevät lääkärit,capacity,2018,334.75,PER_100K,,false,eurostat_hlth_rs_prs2,https://ec.europa.eu/eurostat/api/dissemination/statistics/1.0/data/hlth_rs_prs2?geo=FI&unit=P_HTHAB&wstatus=PRACT&med_spec=PHYS,2026-07-13T11:00:00+0200
practising_physicians_per_100k,Potilastyötä tekevät lääkärit,capacity,2019,338.31,PER_100K,,false,eurostat_hlth_rs_prs2,https://ec.europa.eu/eurostat/api/dissemination/statistics/1.0/data/hlth_rs_prs2?geo=FI&unit=P_HTHAB&wstatus=PRACT&med_spec=PHYS,2026-07-13T11:00:00+0200
practising_physicians_per_100k,Potilastyötä tekevät lääkärit,capacity,2020,341.33,PER_100K,,false,eurostat_hlth_rs_prs2,https://ec.europa.eu/eurostat/api/dissemination/statistics/1.0/data/hlth_rs_prs2?geo=FI&unit=P_HTHAB&wstatus=PRACT&med_spec=PHYS,2026-07-13T11:00:00+0200
practising_physicians_per_100k,Potilastyötä tekevät lääkärit,capacity,2021,341.38,PER_100K,,false,eurostat_hlth_rs_prs2,https://ec.europa.eu/eurostat/api/dissemination/statistics/1.0/data/hlth_rs_prs2?geo=FI&unit=P_HTHAB&wstatus=PRACT&med_spec=PHYS,2026-07-13T11:00:00+0200
practising_physicians_per_100k,Potilastyötä tekevät lääkärit,capacity,2022,344.31,PER_100K,,false,eurostat_hlth_rs_prs2,https://ec.europa.eu/eurostat/api/dissemination/statistics/1.0/data/hlth_rs_prs2?geo=FI&unit=P_HTHAB&wstatus=PRACT&med_spec=PHYS,2026-07-13T11:00:00+0200
practising_physicians_per_100k,Potilastyötä tekevät lääkärit,capacity,2023,354.39,PER_100K,,false,eurostat_hlth_rs_prs2,https://ec.europa.eu/eurostat/api/dissemination/statistics/1.0/data/hlth_rs_prs2?geo=FI&unit=P_HTHAB&wstatus=PRACT&med_spec=PHYS,2026-07-13T11:00:00+0200
practising_physicians_per_100k,Potilastyötä tekevät lääkärit,capacity,2024,362.12,PER_100K,,false,eurostat_hlth_rs_prs2,https://ec.europa.eu/eurostat/api/dissemination/statistics/1.0/data/hlth_rs_prs2?geo=FI&unit=P_HTHAB&wstatus=PRACT&med_spec=PHYS,2026-07-13T11:00:00+0200
practising_physicians_per_100k,Potilastyötä tekevät lääkärit,capacity,2025,368.19,PER_100K,,true,eurostat_hlth_rs_prs2,https://ec.europa.eu/eurostat/api/dissemination/statistics/1.0/data/hlth_rs_prs2?geo=FI&unit=P_HTHAB&wstatus=PRACT&med_spec=PHYS,2026-07-13T11:00:00+0200
preventable_mortality_per_100k,Ennaltaehkäisyllä vältettävissä oleva kuolleisuus,outcome,2011,188.04,PER_100K,,false,eurostat_hlth_cd_apr,https://ec.europa.eu/eurostat/api/dissemination/statistics/1.0/data/hlth_cd_apr?geo=FI&sex=T&unit=RT&icd10=TOTAL&mortalit=PRVT,2026-03-17T23:00:00+0100
preventable_mortality_per_100k,Ennaltaehkäisyllä vältettävissä oleva kuolleisuus,outcome,2012,182.95,PER_100K,,false,eurostat_hlth_cd_apr,https://ec.europa.eu/eurostat/api/dissemination/statistics/1.0/data/hlth_cd_apr?geo=FI&sex=T&unit=RT&icd10=TOTAL&mortalit=PRVT,2026-03-17T23:00:00+0100
preventable_mortality_per_100k,Ennaltaehkäisyllä vältettävissä oleva kuolleisuus,outcome,2013,179.28,PER_100K,,false,eurostat_hlth_cd_apr,https://ec.europa.eu/eurostat/api/dissemination/statistics/1.0/data/hlth_cd_apr?geo=FI&sex=T&unit=RT&icd10=TOTAL&mortalit=PRVT,2026-03-17T23:00:00+0100
preventable_mortality_per_100k,Ennaltaehkäisyllä vältettävissä oleva kuolleisuus,outcome,2014,168.87,PER_100K,,false,eurostat_hlth_cd_apr,https://ec.europa.eu/eurostat/api/dissemination/statistics/1.0/data/hlth_cd_apr?geo=FI&sex=T&unit=RT&icd10=TOTAL&mortalit=PRVT,2026-03-17T23:00:00+0100
preventable_mortality_per_100k,Ennaltaehkäisyllä vältettävissä oleva kuolleisuus,outcome,2015,163.26,PER_100K,,false,eurostat_hlth_cd_apr,https://ec.europa.eu/eurostat/api/dissemination/statistics/1.0/data/hlth_cd_apr?geo=FI&sex=T&unit=RT&icd10=TOTAL&mortalit=PRVT,2026-03-17T23:00:00+0100
preventable_mortality_per_100k,Ennaltaehkäisyllä vältettävissä oleva kuolleisuus,outcome,2016,166.01,PER_100K,,false,eurostat_hlth_cd_apr,https://ec.europa.eu/eurostat/api/dissemination/statistics/1.0/data/hlth_cd_apr?geo=FI&sex=T&unit=RT&icd10=TOTAL&mortalit=PRVT,2026-03-17T23:00:00+0100
preventable_mortality_per_100k,Ennaltaehkäisyllä vältettävissä oleva kuolleisuus,outcome,2017,160.87,PER_100K,,false,eurostat_hlth_cd_apr,https://ec.europa.eu/eurostat/api/dissemination/statistics/1.0/data/hlth_cd_apr?geo=FI&sex=T&unit=RT&icd10=TOTAL&mortalit=PRVT,2026-03-17T23:00:00+0100
preventable_mortality_per_100k,Ennaltaehkäisyllä vältettävissä oleva kuolleisuus,outcome,2018,159.11,PER_100K,,false,eurostat_hlth_cd_apr,https://ec.europa.eu/eurostat/api/dissemination/statistics/1.0/data/hlth_cd_apr?geo=FI&sex=T&unit=RT&icd10=TOTAL&mortalit=PRVT,2026-03-17T23:00:00+0100
preventable_mortality_per_100k,Ennaltaehkäisyllä vältettävissä oleva kuolleisuus,outcome,2019,153.73,PER_100K,,false,eurostat_hlth_cd_apr,https://ec.europa.eu/eurostat/api/dissemination/statistics/1.0/data/hlth_cd_apr?geo=FI&sex=T&unit=RT&icd10=TOTAL&mortalit=PRVT,2026-03-17T23:00:00+0100
preventable_mortality_per_100k,Ennaltaehkäisyllä vältettävissä oleva kuolleisuus,outcome,2020,157.36,PER_100K,,false,eurostat_hlth_cd_apr,https://ec.europa.eu/eurostat/api/dissemination/statistics/1.0/data/hlth_cd_apr?geo=FI&sex=T&unit=RT&icd10=TOTAL&mortalit=PRVT,2026-03-17T23:00:00+0100
preventable_mortality_per_100k,Ennaltaehkäisyllä vältettävissä oleva kuolleisuus,outcome,2021,156.41,PER_100K,,false,eurostat_hlth_cd_apr,https://ec.europa.eu/eurostat/api/dissemination/statistics/1.0/data/hlth_cd_apr?geo=FI&sex=T&unit=RT&icd10=TOTAL&mortalit=PRVT,2026-03-17T23:00:00+0100
preventable_mortality_per_100k,Ennaltaehkäisyllä vältettävissä oleva kuolleisuus,outcome,2022,166.02,PER_100K,,false,eurostat_hlth_cd_apr,https://ec.europa.eu/eurostat/api/dissemination/statistics/1.0/data/hlth_cd_apr?geo=FI&sex=T&unit=RT&icd10=TOTAL&mortalit=PRVT,2026-03-17T23:00:00+0100
preventable_mortality_per_100k,Ennaltaehkäisyllä vältettävissä oleva kuolleisuus,outcome,2023,154.89,PER_100K,,true,eurostat_hlth_cd_apr,https://ec.europa.eu/eurostat/api/dissemination/statistics/1.0/data/hlth_cd_apr?geo=FI&sex=T&unit=RT&icd10=TOTAL&mortalit=PRVT,2026-03-17T23:00:00+0100
public_health_expenditure_pct_gdp,Julkiset terveysmenot,financing,2008,6.7,PERCENT_GDP,,false,eurostat_gov_10a_exp,https://ec.europa.eu/eurostat/api/dissemination/statistics/1.0/data/gov_10a_exp?geo=FI&sector=S13&unit=PC_GDP&cofog99=GF07&na_item=TE,2026-07-21T11:00:00+0200
public_health_expenditure_pct_gdp,Julkiset terveysmenot,financing,2009,7.4,PERCENT_GDP,,false,eurostat_gov_10a_exp,https://ec.europa.eu/eurostat/api/dissemination/statistics/1.0/data/gov_10a_exp?geo=FI&sector=S13&unit=PC_GDP&cofog99=GF07&na_item=TE,2026-07-21T11:00:00+0200
public_health_expenditure_pct_gdp,Julkiset terveysmenot,financing,2010,7.3,PERCENT_GDP,,false,eurostat_gov_10a_exp,https://ec.europa.eu/eurostat/api/dissemination/statistics/1.0/data/gov_10a_exp?geo=FI&sector=S13&unit=PC_GDP&cofog99=GF07&na_item=TE,2026-07-21T11:00:00+0200
public_health_expenditure_pct_gdp,Julkiset terveysmenot,financing,2011,7.4,PERCENT_GDP,,false,eurostat_gov_10a_exp,https://ec.europa.eu/eurostat/api/dissemination/statistics/1.0/data/gov_10a_exp?geo=FI&sector=S13&unit=PC_GDP&cofog99=GF07&na_item=TE,2026-07-21T11:00:00+0200
public_health_expenditure_pct_gdp,Julkiset terveysmenot,financing,2012,7.7,PERCENT_GDP,,false,eurostat_gov_10a_exp,https://ec.europa.eu/eurostat/api/dissemination/statistics/1.0/data/gov_10a_exp?geo=FI&sector=S13&unit=PC_GDP&cofog99=GF07&na_item=TE,2026-07-21T11:00:00+0200
public_health_expenditure_pct_gdp,Julkiset terveysmenot,financing,2013,7.9,PERCENT_GDP,,false,eurostat_gov_10a_exp,https://ec.europa.eu/eurostat/api/dissemination/statistics/1.0/data/gov_10a_exp?geo=FI&sector=S13&unit=PC_GDP&cofog99=GF07&na_item=TE,2026-07-21T11:00:00+0200
public_health_expenditure_pct_gdp,Julkiset terveysmenot,financing,2014,7.9,PERCENT_GDP,,false,eurostat_gov_10a_exp,https://ec.europa.eu/eurostat/api/dissemination/statistics/1.0/data/gov_10a_exp?geo=FI&sector=S13&unit=PC_GDP&cofog99=GF07&na_item=TE,2026-07-21T11:00:00+0200
public_health_expenditure_pct_gdp,Julkiset terveysmenot,financing,2015,7.3,PERCENT_GDP,b,false,eurostat_gov_10a_exp,https://ec.europa.eu/eurostat/api/dissemination/statistics/1.0/data/gov_10a_exp?geo=FI&sector=S13&unit=PC_GDP&cofog99=GF07&na_item=TE,2026-07-21T11:00:00+0200
public_health_expenditure_pct_gdp,Julkiset terveysmenot,financing,2016,7.2,PERCENT_GDP,,false,eurostat_gov_10a_exp,https://ec.europa.eu/eurostat/api/dissemination/statistics/1.0/data/gov_10a_exp?geo=FI&sector=S13&unit=PC_GDP&cofog99=GF07&na_item=TE,2026-07-21T11:00:00+0200
public_health_expenditure_pct_gdp,Julkiset terveysmenot,financing,2017,7.1,PERCENT_GDP,,false,eurostat_gov_10a_exp,https://ec.europa.eu/eurostat/api/dissemination/statistics/1.0/data/gov_10a_exp?geo=FI&sector=S13&unit=PC_GDP&cofog99=GF07&na_item=TE,2026-07-21T11:00:00+0200
public_health_expenditure_pct_gdp,Julkiset terveysmenot,financing,2018,7.1,PERCENT_GDP,,false,eurostat_gov_10a_exp,https://ec.europa.eu/eurostat/api/dissemination/statistics/1.0/data/gov_10a_exp?geo=FI&sector=S13&unit=PC_GDP&cofog99=GF07&na_item=TE,2026-07-21T11:00:00+0200
public_health_expenditure_pct_gdp,Julkiset terveysmenot,financing,2019,7.2,PERCENT_GDP,,false,eurostat_gov_10a_exp,https://ec.europa.eu/eurostat/api/dissemination/statistics/1.0/data/gov_10a_exp?geo=FI&sector=S13&unit=PC_GDP&cofog99=GF07&na_item=TE,2026-07-21T11:00:00+0200
public_health_expenditure_pct_gdp,Julkiset terveysmenot,financing,2020,7.7,PERCENT_GDP,,false,eurostat_gov_10a_exp,https://ec.europa.eu/eurostat/api/dissemination/statistics/1.0/data/gov_10a_exp?geo=FI&sector=S13&unit=PC_GDP&cofog99=GF07&na_item=TE,2026-07-21T11:00:00+0200
public_health_expenditure_pct_gdp,Julkiset terveysmenot,financing,2021,7.8,PERCENT_GDP,,false,eurostat_gov_10a_exp,https://ec.europa.eu/eurostat/api/dissemination/statistics/1.0/data/gov_10a_exp?geo=FI&sector=S13&unit=PC_GDP&cofog99=GF07&na_item=TE,2026-07-21T11:00:00+0200
public_health_expenditure_pct_gdp,Julkiset terveysmenot,financing,2022,7.5,PERCENT_GDP,,false,eurostat_gov_10a_exp,https://ec.europa.eu/eurostat/api/dissemination/statistics/1.0/data/gov_10a_exp?geo=FI&sector=S13&unit=PC_GDP&cofog99=GF07&na_item=TE,2026-07-21T11:00:00+0200
public_health_expenditure_pct_gdp,Julkiset terveysmenot,financing,2023,7.6,PERCENT_GDP,,false,eurostat_gov_10a_exp,https://ec.europa.eu/eurostat/api/dissemination/statistics/1.0/data/gov_10a_exp?geo=FI&sector=S13&unit=PC_GDP&cofog99=GF07&na_item=TE,2026-07-21T11:00:00+0200
public_health_expenditure_pct_gdp,Julkiset terveysmenot,financing,2024,7.7,PERCENT_GDP,,true,eurostat_gov_10a_exp,https://ec.europa.eu/eurostat/api/dissemination/statistics/1.0/data/gov_10a_exp?geo=FI&sector=S13&unit=PC_GDP&cofog99=GF07&na_item=TE,2026-07-21T11:00:00+0200
tax_burden_pct_gdp,Verot ja pakolliset sosiaaliturvamaksut,financing,2008,41.1,PERCENT_GDP,,false,eurostat_gov_10a_taxag,https://ec.europa.eu/eurostat/api/dissemination/statistics/1.0/data/gov_10a_taxag?geo=FI&sector=S13&unit=PC_GDP&na_item=D2_D5_D91_D61_M_D612_M_D614_M_D995,2026-07-21T11:00:00+0200
tax_burden_pct_gdp,Verot ja pakolliset sosiaaliturvamaksut,financing,2009,40.8,PERCENT_GDP,,false,eurostat_gov_10a_taxag,https://ec.europa.eu/eurostat/api/dissemination/statistics/1.0/data/gov_10a_taxag?geo=FI&sector=S13&unit=PC_GDP&na_item=D2_D5_D91_D61_M_D612_M_D614_M_D995,2026-07-21T11:00:00+0200
tax_burden_pct_gdp,Verot ja pakolliset sosiaaliturvamaksut,financing,2010,40.6,PERCENT_GDP,,false,eurostat_gov_10a_taxag,https://ec.europa.eu/eurostat/api/dissemination/statistics/1.0/data/gov_10a_taxag?geo=FI&sector=S13&unit=PC_GDP&na_item=D2_D5_D91_D61_M_D612_M_D614_M_D995,2026-07-21T11:00:00+0200
tax_burden_pct_gdp,Verot ja pakolliset sosiaaliturvamaksut,financing,2011,41.9,PERCENT_GDP,,false,eurostat_gov_10a_taxag,https://ec.europa.eu/eurostat/api/dissemination/statistics/1.0/data/gov_10a_taxag?geo=FI&sector=S13&unit=PC_GDP&na_item=D2_D5_D91_D61_M_D612_M_D614_M_D995,2026-07-21T11:00:00+0200
tax_burden_pct_gdp,Verot ja pakolliset sosiaaliturvamaksut,financing,2012,42.6,PERCENT_GDP,,false,eurostat_gov_10a_taxag,https://ec.europa.eu/eurostat/api/dissemination/statistics/1.0/data/gov_10a_taxag?geo=FI&sector=S13&unit=PC_GDP&na_item=D2_D5_D91_D61_M_D612_M_D614_M_D995,2026-07-21T11:00:00+0200
tax_burden_pct_gdp,Verot ja pakolliset sosiaaliturvamaksut,financing,2013,43.6,PERCENT_GDP,,false,eurostat_gov_10a_taxag,https://ec.europa.eu/eurostat/api/dissemination/statistics/1.0/data/gov_10a_taxag?geo=FI&sector=S13&unit=PC_GDP&na_item=D2_D5_D91_D61_M_D612_M_D614_M_D995,2026-07-21T11:00:00+0200
tax_burden_pct_gdp,Verot ja pakolliset sosiaaliturvamaksut,financing,2014,43.8,PERCENT_GDP,,false,eurostat_gov_10a_taxag,https://ec.europa.eu/eurostat/api/dissemination/statistics/1.0/data/gov_10a_taxag?geo=FI&sector=S13&unit=PC_GDP&na_item=D2_D5_D91_D61_M_D612_M_D614_M_D995,2026-07-21T11:00:00+0200
tax_burden_pct_gdp,Verot ja pakolliset sosiaaliturvamaksut,financing,2015,43.8,PERCENT_GDP,,false,eurostat_gov_10a_taxag,https://ec.europa.eu/eurostat/api/dissemination/statistics/1.0/data/gov_10a_taxag?geo=FI&sector=S13&unit=PC_GDP&na_item=D2_D5_D91_D61_M_D612_M_D614_M_D995,2026-07-21T11:00:00+0200
tax_burden_pct_gdp,Verot ja pakolliset sosiaaliturvamaksut,financing,2016,44.1,PERCENT_GDP,,false,eurostat_gov_10a_taxag,https://ec.europa.eu/eurostat/api/dissemination/statistics/1.0/data/gov_10a_taxag?geo=FI&sector=S13&unit=PC_GDP&na_item=D2_D5_D91_D61_M_D612_M_D614_M_D995,2026-07-21T11:00:00+0200
tax_burden_pct_gdp,Verot ja pakolliset sosiaaliturvamaksut,financing,2017,43.2,PERCENT_GDP,,false,eurostat_gov_10a_taxag,https://ec.europa.eu/eurostat/api/dissemination/statistics/1.0/data/gov_10a_taxag?geo=FI&sector=S13&unit=PC_GDP&na_item=D2_D5_D91_D61_M_D612_M_D614_M_D995,2026-07-21T11:00:00+0200
tax_burden_pct_gdp,Verot ja pakolliset sosiaaliturvamaksut,financing,2018,42.7,PERCENT_GDP,,false,eurostat_gov_10a_taxag,https://ec.europa.eu/eurostat/api/dissemination/statistics/1.0/data/gov_10a_taxag?geo=FI&sector=S13&unit=PC_GDP&na_item=D2_D5_D91_D61_M_D612_M_D614_M_D995,2026-07-21T11:00:00+0200
tax_burden_pct_gdp,Verot ja pakolliset sosiaaliturvamaksut,financing,2019,42.5,PERCENT_GDP,,false,eurostat_gov_10a_taxag,https://ec.europa.eu/eurostat/api/dissemination/statistics/1.0/data/gov_10a_taxag?geo=FI&sector=S13&unit=PC_GDP&na_item=D2_D5_D91_D61_M_D612_M_D614_M_D995,2026-07-21T11:00:00+0200
tax_burden_pct_gdp,Verot ja pakolliset sosiaaliturvamaksut,financing,2020,42.1,PERCENT_GDP,,false,eurostat_gov_10a_taxag,https://ec.europa.eu/eurostat/api/dissemination/statistics/1.0/data/gov_10a_taxag?geo=FI&sector=S13&unit=PC_GDP&na_item=D2_D5_D91_D61_M_D612_M_D614_M_D995,2026-07-21T11:00:00+0200
tax_burden_pct_gdp,Verot ja pakolliset sosiaaliturvamaksut,financing,2021,43.5,PERCENT_GDP,,false,eurostat_gov_10a_taxag,https://ec.europa.eu/eurostat/api/dissemination/statistics/1.0/data/gov_10a_taxag?geo=FI&sector=S13&unit=PC_GDP&na_item=D2_D5_D91_D61_M_D612_M_D614_M_D995,2026-07-21T11:00:00+0200
tax_burden_pct_gdp,Verot ja pakolliset sosiaaliturvamaksut,financing,2022,43.3,PERCENT_GDP,,false,eurostat_gov_10a_taxag,https://ec.europa.eu/eurostat/api/dissemination/statistics/1.0/data/gov_10a_taxag?geo=FI&sector=S13&unit=PC_GDP&na_item=D2_D5_D91_D61_M_D612_M_D614_M_D995,2026-07-21T11:00:00+0200
tax_burden_pct_gdp,Verot ja pakolliset sosiaaliturvamaksut,financing,2023,42.7,PERCENT_GDP,,false,eurostat_gov_10a_taxag,https://ec.europa.eu/eurostat/api/dissemination/statistics/1.0/data/gov_10a_taxag?geo=FI&sector=S13&unit=PC_GDP&na_item=D2_D5_D91_D61_M_D612_M_D614_M_D995,2026-07-21T11:00:00+0200
tax_burden_pct_gdp,Verot ja pakolliset sosiaaliturvamaksut,financing,2024,42.2,PERCENT_GDP,,true,eurostat_gov_10a_taxag,https://ec.europa.eu/eurostat/api/dissemination/statistics/1.0/data/gov_10a_taxag?geo=FI&sector=S13&unit=PC_GDP&na_item=D2_D5_D91_D61_M_D612_M_D614_M_D995,2026-07-21T11:00:00+0200
treatable_mortality_per_100k,Hoidolla vältettävissä oleva kuolleisuus,outcome,2011,86.49,PER_100K,,false,eurostat_hlth_cd_apr,https://ec.europa.eu/eurostat/api/dissemination/statistics/1.0/data/hlth_cd_apr?geo=FI&sex=T&unit=RT&icd10=TOTAL&mortalit=TRT,2026-03-17T23:00:00+0100
treatable_mortality_per_100k,Hoidolla vältettävissä oleva kuolleisuus,outcome,2012,84.97,PER_100K,,false,eurostat_hlth_cd_apr,https://ec.europa.eu/eurostat/api/dissemination/statistics/1.0/data/hlth_cd_apr?geo=FI&sex=T&unit=RT&icd10=TOTAL&mortalit=TRT,2026-03-17T23:00:00+0100
treatable_mortality_per_100k,Hoidolla vältettävissä oleva kuolleisuus,outcome,2013,80.46,PER_100K,,false,eurostat_hlth_cd_apr,https://ec.europa.eu/eurostat/api/dissemination/statistics/1.0/data/hlth_cd_apr?geo=FI&sex=T&unit=RT&icd10=TOTAL&mortalit=TRT,2026-03-17T23:00:00+0100
treatable_mortality_per_100k,Hoidolla vältettävissä oleva kuolleisuus,outcome,2014,77.36,PER_100K,,false,eurostat_hlth_cd_apr,https://ec.europa.eu/eurostat/api/dissemination/statistics/1.0/data/hlth_cd_apr?geo=FI&sex=T&unit=RT&icd10=TOTAL&mortalit=TRT,2026-03-17T23:00:00+0100
treatable_mortality_per_100k,Hoidolla vältettävissä oleva kuolleisuus,outcome,2015,74.89,PER_100K,,false,eurostat_hlth_cd_apr,https://ec.europa.eu/eurostat/api/dissemination/statistics/1.0/data/hlth_cd_apr?geo=FI&sex=T&unit=RT&icd10=TOTAL&mortalit=TRT,2026-03-17T23:00:00+0100
treatable_mortality_per_100k,Hoidolla vältettävissä oleva kuolleisuus,outcome,2016,76.81,PER_100K,,false,eurostat_hlth_cd_apr,https://ec.europa.eu/eurostat/api/dissemination/statistics/1.0/data/hlth_cd_apr?geo=FI&sex=T&unit=RT&icd10=TOTAL&mortalit=TRT,2026-03-17T23:00:00+0100
treatable_mortality_per_100k,Hoidolla vältettävissä oleva kuolleisuus,outcome,2017,75.72,PER_100K,,false,eurostat_hlth_cd_apr,https://ec.europa.eu/eurostat/api/dissemination/statistics/1.0/data/hlth_cd_apr?geo=FI&sex=T&unit=RT&icd10=TOTAL&mortalit=TRT,2026-03-17T23:00:00+0100
treatable_mortality_per_100k,Hoidolla vältettävissä oleva kuolleisuus,outcome,2018,71.11,PER_100K,,false,eurostat_hlth_cd_apr,https://ec.europa.eu/eurostat/api/dissemination/statistics/1.0/data/hlth_cd_apr?geo=FI&sex=T&unit=RT&icd10=TOTAL&mortalit=TRT,2026-03-17T23:00:00+0100
treatable_mortality_per_100k,Hoidolla vältettävissä oleva kuolleisuus,outcome,2019,69.09,PER_100K,,false,eurostat_hlth_cd_apr,https://ec.europa.eu/eurostat/api/dissemination/statistics/1.0/data/hlth_cd_apr?geo=FI&sex=T&unit=RT&icd10=TOTAL&mortalit=TRT,2026-03-17T23:00:00+0100
treatable_mortality_per_100k,Hoidolla vältettävissä oleva kuolleisuus,outcome,2020,71.25,PER_100K,,false,eurostat_hlth_cd_apr,https://ec.europa.eu/eurostat/api/dissemination/statistics/1.0/data/hlth_cd_apr?geo=FI&sex=T&unit=RT&icd10=TOTAL&mortalit=TRT,2026-03-17T23:00:00+0100
treatable_mortality_per_100k,Hoidolla vältettävissä oleva kuolleisuus,outcome,2021,69.77,PER_100K,,false,eurostat_hlth_cd_apr,https://ec.europa.eu/eurostat/api/dissemination/statistics/1.0/data/hlth_cd_apr?geo=FI&sex=T&unit=RT&icd10=TOTAL&mortalit=TRT,2026-03-17T23:00:00+0100
treatable_mortality_per_100k,Hoidolla vältettävissä oleva kuolleisuus,outcome,2022,70.85,PER_100K,,false,eurostat_hlth_cd_apr,https://ec.europa.eu/eurostat/api/dissemination/statistics/1.0/data/hlth_cd_apr?geo=FI&sex=T&unit=RT&icd10=TOTAL&mortalit=TRT,2026-03-17T23:00:00+0100
treatable_mortality_per_100k,Hoidolla vältettävissä oleva kuolleisuus,outcome,2023,68.18,PER_100K,,true,eurostat_hlth_cd_apr,https://ec.europa.eu/eurostat/api/dissemination/statistics/1.0/data/hlth_cd_apr?geo=FI&sex=T&unit=RT&icd10=TOTAL&mortalit=TRT,2026-03-17T23:00:00+0100
unmet_medical_needs_pct,"Hoitotarve jäi täyttymättä hinnan, matkan tai jonon vuoksi",access,2008,0.8,PERCENT,,false,eurostat_hlth_silc_08,https://ec.europa.eu/eurostat/api/dissemination/statistics/1.0/data/hlth_silc_08?geo=FI&sex=T&age=Y_GE16&unit=PC&quant_inc=TOTAL&reason=TXP_TFAR_WLIST,2026-07-27T23:00:00+0200
unmet_medical_needs_pct,"Hoitotarve jäi täyttymättä hinnan, matkan tai jonon vuoksi",access,2009,3.7,PERCENT,,false,eurostat_hlth_silc_08,https://ec.europa.eu/eurostat/api/dissemination/statistics/1.0/data/hlth_silc_08?geo=FI&sex=T&age=Y_GE16&unit=PC&quant_inc=TOTAL&reason=TXP_TFAR_WLIST,2026-07-27T23:00:00+0200
unmet_medical_needs_pct,"Hoitotarve jäi täyttymättä hinnan, matkan tai jonon vuoksi",access,2010,3.9,PERCENT,,false,eurostat_hlth_silc_08,https://ec.europa.eu/eurostat/api/dissemination/statistics/1.0/data/hlth_silc_08?geo=FI&sex=T&age=Y_GE16&unit=PC&quant_inc=TOTAL&reason=TXP_TFAR_WLIST,2026-07-27T23:00:00+0200
unmet_medical_needs_pct,"Hoitotarve jäi täyttymättä hinnan, matkan tai jonon vuoksi",access,2011,4.4,PERCENT,,false,eurostat_hlth_silc_08,https://ec.europa.eu/eurostat/api/dissemination/statistics/1.0/data/hlth_silc_08?geo=FI&sex=T&age=Y_GE16&unit=PC&quant_inc=TOTAL&reason=TXP_TFAR_WLIST,2026-07-27T23:00:00+0200
unmet_medical_needs_pct,"Hoitotarve jäi täyttymättä hinnan, matkan tai jonon vuoksi",access,2012,4.6,PERCENT,,false,eurostat_hlth_silc_08,https://ec.europa.eu/eurostat/api/dissemination/statistics/1.0/data/hlth_silc_08?geo=FI&sex=T&age=Y_GE16&unit=PC&quant_inc=TOTAL&reason=TXP_TFAR_WLIST,2026-07-27T23:00:00+0200
unmet_medical_needs_pct,"Hoitotarve jäi täyttymättä hinnan, matkan tai jonon vuoksi",access,2013,4.3,PERCENT,,false,eurostat_hlth_silc_08,https://ec.europa.eu/eurostat/api/dissemination/statistics/1.0/data/hlth_silc_08?geo=FI&sex=T&age=Y_GE16&unit=PC&quant_inc=TOTAL&reason=TXP_TFAR_WLIST,2026-07-27T23:00:00+0200
unmet_medical_needs_pct,"Hoitotarve jäi täyttymättä hinnan, matkan tai jonon vuoksi",access,2014,3.3,PERCENT,,false,eurostat_hlth_silc_08,https://ec.europa.eu/eurostat/api/dissemination/statistics/1.0/data/hlth_silc_08?geo=FI&sex=T&age=Y_GE16&unit=PC&quant_inc=TOTAL&reason=TXP_TFAR_WLIST,2026-07-27T23:00:00+0200
unmet_medical_needs_pct,"Hoitotarve jäi täyttymättä hinnan, matkan tai jonon vuoksi",access,2015,4.3,PERCENT,,false,eurostat_hlth_silc_08,https://ec.europa.eu/eurostat/api/dissemination/statistics/1.0/data/hlth_silc_08?geo=FI&sex=T&age=Y_GE16&unit=PC&quant_inc=TOTAL&reason=TXP_TFAR_WLIST,2026-07-27T23:00:00+0200
unmet_medical_needs_pct,"Hoitotarve jäi täyttymättä hinnan, matkan tai jonon vuoksi",access,2016,4.1,PERCENT,,false,eurostat_hlth_silc_08,https://ec.europa.eu/eurostat/api/dissemination/statistics/1.0/data/hlth_silc_08?geo=FI&sex=T&age=Y_GE16&unit=PC&quant_inc=TOTAL&reason=TXP_TFAR_WLIST,2026-07-27T23:00:00+0200
unmet_medical_needs_pct,"Hoitotarve jäi täyttymättä hinnan, matkan tai jonon vuoksi",access,2017,3.6,PERCENT,,false,eurostat_hlth_silc_08,https://ec.europa.eu/eurostat/api/dissemination/statistics/1.0/data/hlth_silc_08?geo=FI&sex=T&age=Y_GE16&unit=PC&quant_inc=TOTAL&reason=TXP_TFAR_WLIST,2026-07-27T23:00:00+0200
unmet_medical_needs_pct,"Hoitotarve jäi täyttymättä hinnan, matkan tai jonon vuoksi",access,2018,4.7,PERCENT,,false,eurostat_hlth_silc_08,https://ec.europa.eu/eurostat/api/dissemination/statistics/1.0/data/hlth_silc_08?geo=FI&sex=T&age=Y_GE16&unit=PC&quant_inc=TOTAL&reason=TXP_TFAR_WLIST,2026-07-27T23:00:00+0200
unmet_medical_needs_pct,"Hoitotarve jäi täyttymättä hinnan, matkan tai jonon vuoksi",access,2019,4.6,PERCENT,,false,eurostat_hlth_silc_08,https://ec.europa.eu/eurostat/api/dissemination/statistics/1.0/data/hlth_silc_08?geo=FI&sex=T&age=Y_GE16&unit=PC&quant_inc=TOTAL&reason=TXP_TFAR_WLIST,2026-07-27T23:00:00+0200
unmet_medical_needs_pct,"Hoitotarve jäi täyttymättä hinnan, matkan tai jonon vuoksi",access,2020,5.4,PERCENT,,false,eurostat_hlth_silc_08,https://ec.europa.eu/eurostat/api/dissemination/statistics/1.0/data/hlth_silc_08?geo=FI&sex=T&age=Y_GE16&unit=PC&quant_inc=TOTAL&reason=TXP_TFAR_WLIST,2026-07-27T23:00:00+0200
unmet_medical_needs_pct,"Hoitotarve jäi täyttymättä hinnan, matkan tai jonon vuoksi",access,2021,4.4,PERCENT,,false,eurostat_hlth_silc_08,https://ec.europa.eu/eurostat/api/dissemination/statistics/1.0/data/hlth_silc_08?geo=FI&sex=T&age=Y_GE16&unit=PC&quant_inc=TOTAL&reason=TXP_TFAR_WLIST,2026-07-27T23:00:00+0200
unmet_medical_needs_pct,"Hoitotarve jäi täyttymättä hinnan, matkan tai jonon vuoksi",access,2022,6.5,PERCENT,,false,eurostat_hlth_silc_08,https://ec.europa.eu/eurostat/api/dissemination/statistics/1.0/data/hlth_silc_08?geo=FI&sex=T&age=Y_GE16&unit=PC&quant_inc=TOTAL&reason=TXP_TFAR_WLIST,2026-07-27T23:00:00+0200
unmet_medical_needs_pct,"Hoitotarve jäi täyttymättä hinnan, matkan tai jonon vuoksi",access,2023,7.9,PERCENT,,false,eurostat_hlth_silc_08,https://ec.europa.eu/eurostat/api/dissemination/statistics/1.0/data/hlth_silc_08?geo=FI&sex=T&age=Y_GE16&unit=PC&quant_inc=TOTAL&reason=TXP_TFAR_WLIST,2026-07-27T23:00:00+0200
unmet_medical_needs_pct,"Hoitotarve jäi täyttymättä hinnan, matkan tai jonon vuoksi",access,2024,8.5,PERCENT,,false,eurostat_hlth_silc_08,https://ec.europa.eu/eurostat/api/dissemination/statistics/1.0/data/hlth_silc_08?geo=FI&sex=T&age=Y_GE16&unit=PC&quant_inc=TOTAL&reason=TXP_TFAR_WLIST,2026-07-27T23:00:00+0200
unmet_medical_needs_pct,"Hoitotarve jäi täyttymättä hinnan, matkan tai jonon vuoksi",access,2025,7.8,PERCENT,,true,eurostat_hlth_silc_08,https://ec.europa.eu/eurostat/api/dissemination/statistics/1.0/data/hlth_silc_08?geo=FI&sex=T&age=Y_GE16&unit=PC&quant_inc=TOTAL&reason=TXP_TFAR_WLIST,2026-07-27T23:00:00+0200
