series_id,year,period,value,unit,period_basis,source_id,source_url,source_table_title
central_government_edp_debt_q4_meur,2000,2000Q4,68665.0,MEUR,fourth_quarter_end_stock,statfin_central_government_edp_debt_11yv,https://pxdata.stat.fi/PxWeb/api/v1/fi/StatFin/jyev/11yv.px,"Julkisyhteisöjen EDP-velka, neljännesvuosittain muuttujina Velallissektori, Vara, Vuosineljännes ja Tiedot"
central_government_edp_debt_q4_meur,2001,2001Q4,66215.0,MEUR,fourth_quarter_end_stock,statfin_central_government_edp_debt_11yv,https://pxdata.stat.fi/PxWeb/api/v1/fi/StatFin/jyev/11yv.px,"Julkisyhteisöjen EDP-velka, neljännesvuosittain muuttujina Velallissektori, Vara, Vuosineljännes ja Tiedot"
central_government_edp_debt_q4_meur,2002,2002Q4,63531.0,MEUR,fourth_quarter_end_stock,statfin_central_government_edp_debt_11yv,https://pxdata.stat.fi/PxWeb/api/v1/fi/StatFin/jyev/11yv.px,"Julkisyhteisöjen EDP-velka, neljännesvuosittain muuttujina Velallissektori, Vara, Vuosineljännes ja Tiedot"
central_government_edp_debt_q4_meur,2003,2003Q4,67517.0,MEUR,fourth_quarter_end_stock,statfin_central_government_edp_debt_11yv,https://pxdata.stat.fi/PxWeb/api/v1/fi/StatFin/jyev/11yv.px,"Julkisyhteisöjen EDP-velka, neljännesvuosittain muuttujina Velallissektori, Vara, Vuosineljännes ja Tiedot"
central_government_edp_debt_q4_meur,2004,2004Q4,67905.0,MEUR,fourth_quarter_end_stock,statfin_central_government_edp_debt_11yv,https://pxdata.stat.fi/PxWeb/api/v1/fi/StatFin/jyev/11yv.px,"Julkisyhteisöjen EDP-velka, neljännesvuosittain muuttujina Velallissektori, Vara, Vuosineljännes ja Tiedot"
central_government_edp_debt_q4_meur,2005,2005Q4,64530.0,MEUR,fourth_quarter_end_stock,statfin_central_government_edp_debt_11yv,https://pxdata.stat.fi/PxWeb/api/v1/fi/StatFin/jyev/11yv.px,"Julkisyhteisöjen EDP-velka, neljännesvuosittain muuttujina Velallissektori, Vara, Vuosineljännes ja Tiedot"
central_government_edp_debt_q4_meur,2006,2006Q4,63143.0,MEUR,fourth_quarter_end_stock,statfin_central_government_edp_debt_11yv,https://pxdata.stat.fi/PxWeb/api/v1/fi/StatFin/jyev/11yv.px,"Julkisyhteisöjen EDP-velka, neljännesvuosittain muuttujina Velallissektori, Vara, Vuosineljännes ja Tiedot"
central_government_edp_debt_q4_meur,2007,2007Q4,60711.0,MEUR,fourth_quarter_end_stock,statfin_central_government_edp_debt_11yv,https://pxdata.stat.fi/PxWeb/api/v1/fi/StatFin/jyev/11yv.px,"Julkisyhteisöjen EDP-velka, neljännesvuosittain muuttujina Velallissektori, Vara, Vuosineljännes ja Tiedot"
central_government_edp_debt_q4_meur,2008,2008Q4,60170.0,MEUR,fourth_quarter_end_stock,statfin_central_government_edp_debt_11yv,https://pxdata.stat.fi/PxWeb/api/v1/fi/StatFin/jyev/11yv.px,"Julkisyhteisöjen EDP-velka, neljännesvuosittain muuttujina Velallissektori, Vara, Vuosineljännes ja Tiedot"
central_government_edp_debt_q4_meur,2009,2009Q4,70887.0,MEUR,fourth_quarter_end_stock,statfin_central_government_edp_debt_11yv,https://pxdata.stat.fi/PxWeb/api/v1/fi/StatFin/jyev/11yv.px,"Julkisyhteisöjen EDP-velka, neljännesvuosittain muuttujina Velallissektori, Vara, Vuosineljännes ja Tiedot"
central_government_edp_debt_q4_meur,2010,2010Q4,83682.0,MEUR,fourth_quarter_end_stock,statfin_central_government_edp_debt_11yv,https://pxdata.stat.fi/PxWeb/api/v1/fi/StatFin/jyev/11yv.px,"Julkisyhteisöjen EDP-velka, neljännesvuosittain muuttujina Velallissektori, Vara, Vuosineljännes ja Tiedot"
central_government_edp_debt_q4_meur,2011,2011Q4,92490.0,MEUR,fourth_quarter_end_stock,statfin_central_government_edp_debt_11yv,https://pxdata.stat.fi/PxWeb/api/v1/fi/StatFin/jyev/11yv.px,"Julkisyhteisöjen EDP-velka, neljännesvuosittain muuttujina Velallissektori, Vara, Vuosineljännes ja Tiedot"
central_government_edp_debt_q4_meur,2012,2012Q4,100968.0,MEUR,fourth_quarter_end_stock,statfin_central_government_edp_debt_11yv,https://pxdata.stat.fi/PxWeb/api/v1/fi/StatFin/jyev/11yv.px,"Julkisyhteisöjen EDP-velka, neljännesvuosittain muuttujina Velallissektori, Vara, Vuosineljännes ja Tiedot"
central_government_edp_debt_q4_meur,2013,2013Q4,106631.0,MEUR,fourth_quarter_end_stock,statfin_central_government_edp_debt_11yv,https://pxdata.stat.fi/PxWeb/api/v1/fi/StatFin/jyev/11yv.px,"Julkisyhteisöjen EDP-velka, neljännesvuosittain muuttujina Velallissektori, Vara, Vuosineljännes ja Tiedot"
central_government_edp_debt_q4_meur,2014,2014Q4,113287.0,MEUR,fourth_quarter_end_stock,statfin_central_government_edp_debt_11yv,https://pxdata.stat.fi/PxWeb/api/v1/fi/StatFin/jyev/11yv.px,"Julkisyhteisöjen EDP-velka, neljännesvuosittain muuttujina Velallissektori, Vara, Vuosineljännes ja Tiedot"
central_government_edp_debt_q4_meur,2015,2015Q4,120675.0,MEUR,fourth_quarter_end_stock,statfin_central_government_edp_debt_11yv,https://pxdata.stat.fi/PxWeb/api/v1/fi/StatFin/jyev/11yv.px,"Julkisyhteisöjen EDP-velka, neljännesvuosittain muuttujina Velallissektori, Vara, Vuosineljännes ja Tiedot"
central_government_edp_debt_q4_meur,2016,2016Q4,123449.0,MEUR,fourth_quarter_end_stock,statfin_central_government_edp_debt_11yv,https://pxdata.stat.fi/PxWeb/api/v1/fi/StatFin/jyev/11yv.px,"Julkisyhteisöjen EDP-velka, neljännesvuosittain muuttujina Velallissektori, Vara, Vuosineljännes ja Tiedot"
central_government_edp_debt_q4_meur,2017,2017Q4,124864.0,MEUR,fourth_quarter_end_stock,statfin_central_government_edp_debt_11yv,https://pxdata.stat.fi/PxWeb/api/v1/fi/StatFin/jyev/11yv.px,"Julkisyhteisöjen EDP-velka, neljännesvuosittain muuttujina Velallissektori, Vara, Vuosineljännes ja Tiedot"
central_government_edp_debt_q4_meur,2018,2018Q4,124025.0,MEUR,fourth_quarter_end_stock,statfin_central_government_edp_debt_11yv,https://pxdata.stat.fi/PxWeb/api/v1/fi/StatFin/jyev/11yv.px,"Julkisyhteisöjen EDP-velka, neljännesvuosittain muuttujina Velallissektori, Vara, Vuosineljännes ja Tiedot"
central_government_edp_debt_q4_meur,2019,2019Q4,126081.0,MEUR,fourth_quarter_end_stock,statfin_central_government_edp_debt_11yv,https://pxdata.stat.fi/PxWeb/api/v1/fi/StatFin/jyev/11yv.px,"Julkisyhteisöjen EDP-velka, neljännesvuosittain muuttujina Velallissektori, Vara, Vuosineljännes ja Tiedot"
central_government_edp_debt_q4_meur,2020,2020Q4,144232.0,MEUR,fourth_quarter_end_stock,statfin_central_government_edp_debt_11yv,https://pxdata.stat.fi/PxWeb/api/v1/fi/StatFin/jyev/11yv.px,"Julkisyhteisöjen EDP-velka, neljännesvuosittain muuttujina Velallissektori, Vara, Vuosineljännes ja Tiedot"
central_government_edp_debt_q4_meur,2021,2021Q4,148248.0,MEUR,fourth_quarter_end_stock,statfin_central_government_edp_debt_11yv,https://pxdata.stat.fi/PxWeb/api/v1/fi/StatFin/jyev/11yv.px,"Julkisyhteisöjen EDP-velka, neljännesvuosittain muuttujina Velallissektori, Vara, Vuosineljännes ja Tiedot"
central_government_edp_debt_q4_meur,2022,2022Q4,160668.0,MEUR,fourth_quarter_end_stock,statfin_central_government_edp_debt_11yv,https://pxdata.stat.fi/PxWeb/api/v1/fi/StatFin/jyev/11yv.px,"Julkisyhteisöjen EDP-velka, neljännesvuosittain muuttujina Velallissektori, Vara, Vuosineljännes ja Tiedot"
central_government_edp_debt_q4_meur,2023,2023Q4,175054.0,MEUR,fourth_quarter_end_stock,statfin_central_government_edp_debt_11yv,https://pxdata.stat.fi/PxWeb/api/v1/fi/StatFin/jyev/11yv.px,"Julkisyhteisöjen EDP-velka, neljännesvuosittain muuttujina Velallissektori, Vara, Vuosineljännes ja Tiedot"
central_government_edp_debt_q4_meur,2024,2024Q4,189752.0,MEUR,fourth_quarter_end_stock,statfin_central_government_edp_debt_11yv,https://pxdata.stat.fi/PxWeb/api/v1/fi/StatFin/jyev/11yv.px,"Julkisyhteisöjen EDP-velka, neljännesvuosittain muuttujina Velallissektori, Vara, Vuosineljännes ja Tiedot"
central_government_edp_debt_q4_meur,2025,2025Q4,209131.0,MEUR,fourth_quarter_end_stock,statfin_central_government_edp_debt_11yv,https://pxdata.stat.fi/PxWeb/api/v1/fi/StatFin/jyev/11yv.px,"Julkisyhteisöjen EDP-velka, neljännesvuosittain muuttujina Velallissektori, Vara, Vuosineljännes ja Tiedot"
cost_of_living_index_1951_10_100,1998,1998,1435.0,INDEX_1951_10_100,calendar_year_average,statfin_cost_of_living_11xm,https://pxdata.stat.fi/PxWeb/api/v1/fi/StatFin/khi/11xm.px,Elinkustannusindeksi (1951:10=100) muuttujina Vuosi ja Tiedot
cost_of_living_index_1951_10_100,1999,1999,1452.0,INDEX_1951_10_100,calendar_year_average,statfin_cost_of_living_11xm,https://pxdata.stat.fi/PxWeb/api/v1/fi/StatFin/khi/11xm.px,Elinkustannusindeksi (1951:10=100) muuttujina Vuosi ja Tiedot
cost_of_living_index_1951_10_100,2000,2000,1501.0,INDEX_1951_10_100,calendar_year_average,statfin_cost_of_living_11xm,https://pxdata.stat.fi/PxWeb/api/v1/fi/StatFin/khi/11xm.px,Elinkustannusindeksi (1951:10=100) muuttujina Vuosi ja Tiedot
cost_of_living_index_1951_10_100,2001,2001,1539.0,INDEX_1951_10_100,calendar_year_average,statfin_cost_of_living_11xm,https://pxdata.stat.fi/PxWeb/api/v1/fi/StatFin/khi/11xm.px,Elinkustannusindeksi (1951:10=100) muuttujina Vuosi ja Tiedot
cost_of_living_index_1951_10_100,2002,2002,1563.0,INDEX_1951_10_100,calendar_year_average,statfin_cost_of_living_11xm,https://pxdata.stat.fi/PxWeb/api/v1/fi/StatFin/khi/11xm.px,Elinkustannusindeksi (1951:10=100) muuttujina Vuosi ja Tiedot
cost_of_living_index_1951_10_100,2003,2003,1577.0,INDEX_1951_10_100,calendar_year_average,statfin_cost_of_living_11xm,https://pxdata.stat.fi/PxWeb/api/v1/fi/StatFin/khi/11xm.px,Elinkustannusindeksi (1951:10=100) muuttujina Vuosi ja Tiedot
cost_of_living_index_1951_10_100,2004,2004,1580.0,INDEX_1951_10_100,calendar_year_average,statfin_cost_of_living_11xm,https://pxdata.stat.fi/PxWeb/api/v1/fi/StatFin/khi/11xm.px,Elinkustannusindeksi (1951:10=100) muuttujina Vuosi ja Tiedot
cost_of_living_index_1951_10_100,2005,2005,1594.0,INDEX_1951_10_100,calendar_year_average,statfin_cost_of_living_11xm,https://pxdata.stat.fi/PxWeb/api/v1/fi/StatFin/khi/11xm.px,Elinkustannusindeksi (1951:10=100) muuttujina Vuosi ja Tiedot
cost_of_living_index_1951_10_100,2006,2006,1622.0,INDEX_1951_10_100,calendar_year_average,statfin_cost_of_living_11xm,https://pxdata.stat.fi/PxWeb/api/v1/fi/StatFin/khi/11xm.px,Elinkustannusindeksi (1951:10=100) muuttujina Vuosi ja Tiedot
cost_of_living_index_1951_10_100,2007,2007,1662.0,INDEX_1951_10_100,calendar_year_average,statfin_cost_of_living_11xm,https://pxdata.stat.fi/PxWeb/api/v1/fi/StatFin/khi/11xm.px,Elinkustannusindeksi (1951:10=100) muuttujina Vuosi ja Tiedot
cost_of_living_index_1951_10_100,2008,2008,1730.0,INDEX_1951_10_100,calendar_year_average,statfin_cost_of_living_11xm,https://pxdata.stat.fi/PxWeb/api/v1/fi/StatFin/khi/11xm.px,Elinkustannusindeksi (1951:10=100) muuttujina Vuosi ja Tiedot
cost_of_living_index_1951_10_100,2009,2009,1730.0,INDEX_1951_10_100,calendar_year_average,statfin_cost_of_living_11xm,https://pxdata.stat.fi/PxWeb/api/v1/fi/StatFin/khi/11xm.px,Elinkustannusindeksi (1951:10=100) muuttujina Vuosi ja Tiedot
cost_of_living_index_1951_10_100,2010,2010,1751.0,INDEX_1951_10_100,calendar_year_average,statfin_cost_of_living_11xm,https://pxdata.stat.fi/PxWeb/api/v1/fi/StatFin/khi/11xm.px,Elinkustannusindeksi (1951:10=100) muuttujina Vuosi ja Tiedot
cost_of_living_index_1951_10_100,2011,2011,1812.0,INDEX_1951_10_100,calendar_year_average,statfin_cost_of_living_11xm,https://pxdata.stat.fi/PxWeb/api/v1/fi/StatFin/khi/11xm.px,Elinkustannusindeksi (1951:10=100) muuttujina Vuosi ja Tiedot
cost_of_living_index_1951_10_100,2012,2012,1863.0,INDEX_1951_10_100,calendar_year_average,statfin_cost_of_living_11xm,https://pxdata.stat.fi/PxWeb/api/v1/fi/StatFin/khi/11xm.px,Elinkustannusindeksi (1951:10=100) muuttujina Vuosi ja Tiedot
cost_of_living_index_1951_10_100,2013,2013,1890.0,INDEX_1951_10_100,calendar_year_average,statfin_cost_of_living_11xm,https://pxdata.stat.fi/PxWeb/api/v1/fi/StatFin/khi/11xm.px,Elinkustannusindeksi (1951:10=100) muuttujina Vuosi ja Tiedot
cost_of_living_index_1951_10_100,2014,2014,1910.0,INDEX_1951_10_100,calendar_year_average,statfin_cost_of_living_11xm,https://pxdata.stat.fi/PxWeb/api/v1/fi/StatFin/khi/11xm.px,Elinkustannusindeksi (1951:10=100) muuttujina Vuosi ja Tiedot
cost_of_living_index_1951_10_100,2015,2015,1906.0,INDEX_1951_10_100,calendar_year_average,statfin_cost_of_living_11xm,https://pxdata.stat.fi/PxWeb/api/v1/fi/StatFin/khi/11xm.px,Elinkustannusindeksi (1951:10=100) muuttujina Vuosi ja Tiedot
cost_of_living_index_1951_10_100,2016,2016,1913.0,INDEX_1951_10_100,calendar_year_average,statfin_cost_of_living_11xm,https://pxdata.stat.fi/PxWeb/api/v1/fi/StatFin/khi/11xm.px,Elinkustannusindeksi (1951:10=100) muuttujina Vuosi ja Tiedot
cost_of_living_index_1951_10_100,2017,2017,1927.0,INDEX_1951_10_100,calendar_year_average,statfin_cost_of_living_11xm,https://pxdata.stat.fi/PxWeb/api/v1/fi/StatFin/khi/11xm.px,Elinkustannusindeksi (1951:10=100) muuttujina Vuosi ja Tiedot
cost_of_living_index_1951_10_100,2018,2018,1948.0,INDEX_1951_10_100,calendar_year_average,statfin_cost_of_living_11xm,https://pxdata.stat.fi/PxWeb/api/v1/fi/StatFin/khi/11xm.px,Elinkustannusindeksi (1951:10=100) muuttujina Vuosi ja Tiedot
cost_of_living_index_1951_10_100,2019,2019,1968.0,INDEX_1951_10_100,calendar_year_average,statfin_cost_of_living_11xm,https://pxdata.stat.fi/PxWeb/api/v1/fi/StatFin/khi/11xm.px,Elinkustannusindeksi (1951:10=100) muuttujina Vuosi ja Tiedot
cost_of_living_index_1951_10_100,2020,2020,1974.0,INDEX_1951_10_100,calendar_year_average,statfin_cost_of_living_11xm,https://pxdata.stat.fi/PxWeb/api/v1/fi/StatFin/khi/11xm.px,Elinkustannusindeksi (1951:10=100) muuttujina Vuosi ja Tiedot
cost_of_living_index_1951_10_100,2021,2021,2017.0,INDEX_1951_10_100,calendar_year_average,statfin_cost_of_living_11xm,https://pxdata.stat.fi/PxWeb/api/v1/fi/StatFin/khi/11xm.px,Elinkustannusindeksi (1951:10=100) muuttujina Vuosi ja Tiedot
cost_of_living_index_1951_10_100,2022,2022,2161.0,INDEX_1951_10_100,calendar_year_average,statfin_cost_of_living_11xm,https://pxdata.stat.fi/PxWeb/api/v1/fi/StatFin/khi/11xm.px,Elinkustannusindeksi (1951:10=100) muuttujina Vuosi ja Tiedot
cost_of_living_index_1951_10_100,2023,2023,2296.0,INDEX_1951_10_100,calendar_year_average,statfin_cost_of_living_11xm,https://pxdata.stat.fi/PxWeb/api/v1/fi/StatFin/khi/11xm.px,Elinkustannusindeksi (1951:10=100) muuttujina Vuosi ja Tiedot
cost_of_living_index_1951_10_100,2024,2024,2332.0,INDEX_1951_10_100,calendar_year_average,statfin_cost_of_living_11xm,https://pxdata.stat.fi/PxWeb/api/v1/fi/StatFin/khi/11xm.px,Elinkustannusindeksi (1951:10=100) muuttujina Vuosi ja Tiedot
cost_of_living_index_1951_10_100,2025,2025,2339.0,INDEX_1951_10_100,calendar_year_average,statfin_cost_of_living_11xm,https://pxdata.stat.fi/PxWeb/api/v1/fi/StatFin/khi/11xm.px,Elinkustannusindeksi (1951:10=100) muuttujina Vuosi ja Tiedot
gdp_current_prices_meur,1998,1998,120431.0,MEUR,calendar_year_flow_current_prices,statfin_national_accounts_15a9,https://pxdata.stat.fi/PxWeb/api/v1/fi/StatFin/ntp/15a9.px,"ANA Bruttokansantuote ja -tulo sekä tarjonta ja kysyntä, vuosittain muuttujina Taloustoimi, Vuosi ja Tiedot"
gdp_current_prices_meur,1999,1999,126888.0,MEUR,calendar_year_flow_current_prices,statfin_national_accounts_15a9,https://pxdata.stat.fi/PxWeb/api/v1/fi/StatFin/ntp/15a9.px,"ANA Bruttokansantuote ja -tulo sekä tarjonta ja kysyntä, vuosittain muuttujina Taloustoimi, Vuosi ja Tiedot"
gdp_current_prices_meur,2000,2000,136386.0,MEUR,calendar_year_flow_current_prices,statfin_national_accounts_15a9,https://pxdata.stat.fi/PxWeb/api/v1/fi/StatFin/ntp/15a9.px,"ANA Bruttokansantuote ja -tulo sekä tarjonta ja kysyntä, vuosittain muuttujina Taloustoimi, Vuosi ja Tiedot"
gdp_current_prices_meur,2001,2001,144613.0,MEUR,calendar_year_flow_current_prices,statfin_national_accounts_15a9,https://pxdata.stat.fi/PxWeb/api/v1/fi/StatFin/ntp/15a9.px,"ANA Bruttokansantuote ja -tulo sekä tarjonta ja kysyntä, vuosittain muuttujina Taloustoimi, Vuosi ja Tiedot"
gdp_current_prices_meur,2002,2002,148440.0,MEUR,calendar_year_flow_current_prices,statfin_national_accounts_15a9,https://pxdata.stat.fi/PxWeb/api/v1/fi/StatFin/ntp/15a9.px,"ANA Bruttokansantuote ja -tulo sekä tarjonta ja kysyntä, vuosittain muuttujina Taloustoimi, Vuosi ja Tiedot"
gdp_current_prices_meur,2003,2003,151714.0,MEUR,calendar_year_flow_current_prices,statfin_national_accounts_15a9,https://pxdata.stat.fi/PxWeb/api/v1/fi/StatFin/ntp/15a9.px,"ANA Bruttokansantuote ja -tulo sekä tarjonta ja kysyntä, vuosittain muuttujina Taloustoimi, Vuosi ja Tiedot"
gdp_current_prices_meur,2004,2004,158741.0,MEUR,calendar_year_flow_current_prices,statfin_national_accounts_15a9,https://pxdata.stat.fi/PxWeb/api/v1/fi/StatFin/ntp/15a9.px,"ANA Bruttokansantuote ja -tulo sekä tarjonta ja kysyntä, vuosittain muuttujina Taloustoimi, Vuosi ja Tiedot"
gdp_current_prices_meur,2005,2005,164666.0,MEUR,calendar_year_flow_current_prices,statfin_national_accounts_15a9,https://pxdata.stat.fi/PxWeb/api/v1/fi/StatFin/ntp/15a9.px,"ANA Bruttokansantuote ja -tulo sekä tarjonta ja kysyntä, vuosittain muuttujina Taloustoimi, Vuosi ja Tiedot"
gdp_current_prices_meur,2006,2006,172861.0,MEUR,calendar_year_flow_current_prices,statfin_national_accounts_15a9,https://pxdata.stat.fi/PxWeb/api/v1/fi/StatFin/ntp/15a9.px,"ANA Bruttokansantuote ja -tulo sekä tarjonta ja kysyntä, vuosittain muuttujina Taloustoimi, Vuosi ja Tiedot"
gdp_current_prices_meur,2007,2007,187059.0,MEUR,calendar_year_flow_current_prices,statfin_national_accounts_15a9,https://pxdata.stat.fi/PxWeb/api/v1/fi/StatFin/ntp/15a9.px,"ANA Bruttokansantuote ja -tulo sekä tarjonta ja kysyntä, vuosittain muuttujina Taloustoimi, Vuosi ja Tiedot"
gdp_current_prices_meur,2008,2008,194253.0,MEUR,calendar_year_flow_current_prices,statfin_national_accounts_15a9,https://pxdata.stat.fi/PxWeb/api/v1/fi/StatFin/ntp/15a9.px,"ANA Bruttokansantuote ja -tulo sekä tarjonta ja kysyntä, vuosittain muuttujina Taloustoimi, Vuosi ja Tiedot"
gdp_current_prices_meur,2009,2009,181735.0,MEUR,calendar_year_flow_current_prices,statfin_national_accounts_15a9,https://pxdata.stat.fi/PxWeb/api/v1/fi/StatFin/ntp/15a9.px,"ANA Bruttokansantuote ja -tulo sekä tarjonta ja kysyntä, vuosittain muuttujina Taloustoimi, Vuosi ja Tiedot"
gdp_current_prices_meur,2010,2010,188147.0,MEUR,calendar_year_flow_current_prices,statfin_national_accounts_15a9,https://pxdata.stat.fi/PxWeb/api/v1/fi/StatFin/ntp/15a9.px,"ANA Bruttokansantuote ja -tulo sekä tarjonta ja kysyntä, vuosittain muuttujina Taloustoimi, Vuosi ja Tiedot"
gdp_current_prices_meur,2011,2011,197655.0,MEUR,calendar_year_flow_current_prices,statfin_national_accounts_15a9,https://pxdata.stat.fi/PxWeb/api/v1/fi/StatFin/ntp/15a9.px,"ANA Bruttokansantuote ja -tulo sekä tarjonta ja kysyntä, vuosittain muuttujina Taloustoimi, Vuosi ja Tiedot"
gdp_current_prices_meur,2012,2012,200378.0,MEUR,calendar_year_flow_current_prices,statfin_national_accounts_15a9,https://pxdata.stat.fi/PxWeb/api/v1/fi/StatFin/ntp/15a9.px,"ANA Bruttokansantuote ja -tulo sekä tarjonta ja kysyntä, vuosittain muuttujina Taloustoimi, Vuosi ja Tiedot"
gdp_current_prices_meur,2013,2013,203497.0,MEUR,calendar_year_flow_current_prices,statfin_national_accounts_15a9,https://pxdata.stat.fi/PxWeb/api/v1/fi/StatFin/ntp/15a9.px,"ANA Bruttokansantuote ja -tulo sekä tarjonta ja kysyntä, vuosittain muuttujina Taloustoimi, Vuosi ja Tiedot"
gdp_current_prices_meur,2014,2014,205855.0,MEUR,calendar_year_flow_current_prices,statfin_national_accounts_15a9,https://pxdata.stat.fi/PxWeb/api/v1/fi/StatFin/ntp/15a9.px,"ANA Bruttokansantuote ja -tulo sekä tarjonta ja kysyntä, vuosittain muuttujina Taloustoimi, Vuosi ja Tiedot"
gdp_current_prices_meur,2015,2015,210192.0,MEUR,calendar_year_flow_current_prices,statfin_national_accounts_15a9,https://pxdata.stat.fi/PxWeb/api/v1/fi/StatFin/ntp/15a9.px,"ANA Bruttokansantuote ja -tulo sekä tarjonta ja kysyntä, vuosittain muuttujina Taloustoimi, Vuosi ja Tiedot"
gdp_current_prices_meur,2016,2016,215717.0,MEUR,calendar_year_flow_current_prices,statfin_national_accounts_15a9,https://pxdata.stat.fi/PxWeb/api/v1/fi/StatFin/ntp/15a9.px,"ANA Bruttokansantuote ja -tulo sekä tarjonta ja kysyntä, vuosittain muuttujina Taloustoimi, Vuosi ja Tiedot"
gdp_current_prices_meur,2017,2017,224706.0,MEUR,calendar_year_flow_current_prices,statfin_national_accounts_15a9,https://pxdata.stat.fi/PxWeb/api/v1/fi/StatFin/ntp/15a9.px,"ANA Bruttokansantuote ja -tulo sekä tarjonta ja kysyntä, vuosittain muuttujina Taloustoimi, Vuosi ja Tiedot"
gdp_current_prices_meur,2018,2018,231905.0,MEUR,calendar_year_flow_current_prices,statfin_national_accounts_15a9,https://pxdata.stat.fi/PxWeb/api/v1/fi/StatFin/ntp/15a9.px,"ANA Bruttokansantuote ja -tulo sekä tarjonta ja kysyntä, vuosittain muuttujina Taloustoimi, Vuosi ja Tiedot"
gdp_current_prices_meur,2019,2019,238518.0,MEUR,calendar_year_flow_current_prices,statfin_national_accounts_15a9,https://pxdata.stat.fi/PxWeb/api/v1/fi/StatFin/ntp/15a9.px,"ANA Bruttokansantuote ja -tulo sekä tarjonta ja kysyntä, vuosittain muuttujina Taloustoimi, Vuosi ja Tiedot"
gdp_current_prices_meur,2020,2020,236387.0,MEUR,calendar_year_flow_current_prices,statfin_national_accounts_15a9,https://pxdata.stat.fi/PxWeb/api/v1/fi/StatFin/ntp/15a9.px,"ANA Bruttokansantuote ja -tulo sekä tarjonta ja kysyntä, vuosittain muuttujina Taloustoimi, Vuosi ja Tiedot"
gdp_current_prices_meur,2021,2021,248764.0,MEUR,calendar_year_flow_current_prices,statfin_national_accounts_15a9,https://pxdata.stat.fi/PxWeb/api/v1/fi/StatFin/ntp/15a9.px,"ANA Bruttokansantuote ja -tulo sekä tarjonta ja kysyntä, vuosittain muuttujina Taloustoimi, Vuosi ja Tiedot"
gdp_current_prices_meur,2022,2022,266135.0,MEUR,calendar_year_flow_current_prices,statfin_national_accounts_15a9,https://pxdata.stat.fi/PxWeb/api/v1/fi/StatFin/ntp/15a9.px,"ANA Bruttokansantuote ja -tulo sekä tarjonta ja kysyntä, vuosittain muuttujina Taloustoimi, Vuosi ja Tiedot"
gdp_current_prices_meur,2023,2023,273005.0,MEUR,calendar_year_flow_current_prices,statfin_national_accounts_15a9,https://pxdata.stat.fi/PxWeb/api/v1/fi/StatFin/ntp/15a9.px,"ANA Bruttokansantuote ja -tulo sekä tarjonta ja kysyntä, vuosittain muuttujina Taloustoimi, Vuosi ja Tiedot"
gdp_current_prices_meur,2024,2024,276151.0,MEUR,calendar_year_flow_current_prices,statfin_national_accounts_15a9,https://pxdata.stat.fi/PxWeb/api/v1/fi/StatFin/ntp/15a9.px,"ANA Bruttokansantuote ja -tulo sekä tarjonta ja kysyntä, vuosittain muuttujina Taloustoimi, Vuosi ja Tiedot"
gdp_current_prices_meur,2025,2025,281674.0,MEUR,calendar_year_flow_current_prices,statfin_national_accounts_15a9,https://pxdata.stat.fi/PxWeb/api/v1/fi/StatFin/ntp/15a9.px,"ANA Bruttokansantuote ja -tulo sekä tarjonta ja kysyntä, vuosittain muuttujina Taloustoimi, Vuosi ja Tiedot"
gdp_price_index_2015_100,1998,1998,75.2,INDEX_2015_100,calendar_year_price_index,statfin_national_accounts_15a9,https://pxdata.stat.fi/PxWeb/api/v1/fi/StatFin/ntp/15a9.px,"ANA Bruttokansantuote ja -tulo sekä tarjonta ja kysyntä, vuosittain muuttujina Taloustoimi, Vuosi ja Tiedot"
gdp_price_index_2015_100,1999,1999,75.9,INDEX_2015_100,calendar_year_price_index,statfin_national_accounts_15a9,https://pxdata.stat.fi/PxWeb/api/v1/fi/StatFin/ntp/15a9.px,"ANA Bruttokansantuote ja -tulo sekä tarjonta ja kysyntä, vuosittain muuttujina Taloustoimi, Vuosi ja Tiedot"
gdp_price_index_2015_100,2000,2000,77.2,INDEX_2015_100,calendar_year_price_index,statfin_national_accounts_15a9,https://pxdata.stat.fi/PxWeb/api/v1/fi/StatFin/ntp/15a9.px,"ANA Bruttokansantuote ja -tulo sekä tarjonta ja kysyntä, vuosittain muuttujina Taloustoimi, Vuosi ja Tiedot"
gdp_price_index_2015_100,2001,2001,79.7,INDEX_2015_100,calendar_year_price_index,statfin_national_accounts_15a9,https://pxdata.stat.fi/PxWeb/api/v1/fi/StatFin/ntp/15a9.px,"ANA Bruttokansantuote ja -tulo sekä tarjonta ja kysyntä, vuosittain muuttujina Taloustoimi, Vuosi ja Tiedot"
gdp_price_index_2015_100,2002,2002,80.5,INDEX_2015_100,calendar_year_price_index,statfin_national_accounts_15a9,https://pxdata.stat.fi/PxWeb/api/v1/fi/StatFin/ntp/15a9.px,"ANA Bruttokansantuote ja -tulo sekä tarjonta ja kysyntä, vuosittain muuttujina Taloustoimi, Vuosi ja Tiedot"
gdp_price_index_2015_100,2003,2003,80.6,INDEX_2015_100,calendar_year_price_index,statfin_national_accounts_15a9,https://pxdata.stat.fi/PxWeb/api/v1/fi/StatFin/ntp/15a9.px,"ANA Bruttokansantuote ja -tulo sekä tarjonta ja kysyntä, vuosittain muuttujina Taloustoimi, Vuosi ja Tiedot"
gdp_price_index_2015_100,2004,2004,81.1,INDEX_2015_100,calendar_year_price_index,statfin_national_accounts_15a9,https://pxdata.stat.fi/PxWeb/api/v1/fi/StatFin/ntp/15a9.px,"ANA Bruttokansantuote ja -tulo sekä tarjonta ja kysyntä, vuosittain muuttujina Taloustoimi, Vuosi ja Tiedot"
gdp_price_index_2015_100,2005,2005,81.9,INDEX_2015_100,calendar_year_price_index,statfin_national_accounts_15a9,https://pxdata.stat.fi/PxWeb/api/v1/fi/StatFin/ntp/15a9.px,"ANA Bruttokansantuote ja -tulo sekä tarjonta ja kysyntä, vuosittain muuttujina Taloustoimi, Vuosi ja Tiedot"
gdp_price_index_2015_100,2006,2006,82.6,INDEX_2015_100,calendar_year_price_index,statfin_national_accounts_15a9,https://pxdata.stat.fi/PxWeb/api/v1/fi/StatFin/ntp/15a9.px,"ANA Bruttokansantuote ja -tulo sekä tarjonta ja kysyntä, vuosittain muuttujina Taloustoimi, Vuosi ja Tiedot"
gdp_price_index_2015_100,2007,2007,84.9,INDEX_2015_100,calendar_year_price_index,statfin_national_accounts_15a9,https://pxdata.stat.fi/PxWeb/api/v1/fi/StatFin/ntp/15a9.px,"ANA Bruttokansantuote ja -tulo sekä tarjonta ja kysyntä, vuosittain muuttujina Taloustoimi, Vuosi ja Tiedot"
gdp_price_index_2015_100,2008,2008,87.5,INDEX_2015_100,calendar_year_price_index,statfin_national_accounts_15a9,https://pxdata.stat.fi/PxWeb/api/v1/fi/StatFin/ntp/15a9.px,"ANA Bruttokansantuote ja -tulo sekä tarjonta ja kysyntä, vuosittain muuttujina Taloustoimi, Vuosi ja Tiedot"
gdp_price_index_2015_100,2009,2009,89.0,INDEX_2015_100,calendar_year_price_index,statfin_national_accounts_15a9,https://pxdata.stat.fi/PxWeb/api/v1/fi/StatFin/ntp/15a9.px,"ANA Bruttokansantuote ja -tulo sekä tarjonta ja kysyntä, vuosittain muuttujina Taloustoimi, Vuosi ja Tiedot"
gdp_price_index_2015_100,2010,2010,89.4,INDEX_2015_100,calendar_year_price_index,statfin_national_accounts_15a9,https://pxdata.stat.fi/PxWeb/api/v1/fi/StatFin/ntp/15a9.px,"ANA Bruttokansantuote ja -tulo sekä tarjonta ja kysyntä, vuosittain muuttujina Taloustoimi, Vuosi ja Tiedot"
gdp_price_index_2015_100,2011,2011,91.7,INDEX_2015_100,calendar_year_price_index,statfin_national_accounts_15a9,https://pxdata.stat.fi/PxWeb/api/v1/fi/StatFin/ntp/15a9.px,"ANA Bruttokansantuote ja -tulo sekä tarjonta ja kysyntä, vuosittain muuttujina Taloustoimi, Vuosi ja Tiedot"
gdp_price_index_2015_100,2012,2012,94.4,INDEX_2015_100,calendar_year_price_index,statfin_national_accounts_15a9,https://pxdata.stat.fi/PxWeb/api/v1/fi/StatFin/ntp/15a9.px,"ANA Bruttokansantuote ja -tulo sekä tarjonta ja kysyntä, vuosittain muuttujina Taloustoimi, Vuosi ja Tiedot"
gdp_price_index_2015_100,2013,2013,96.8,INDEX_2015_100,calendar_year_price_index,statfin_national_accounts_15a9,https://pxdata.stat.fi/PxWeb/api/v1/fi/StatFin/ntp/15a9.px,"ANA Bruttokansantuote ja -tulo sekä tarjonta ja kysyntä, vuosittain muuttujina Taloustoimi, Vuosi ja Tiedot"
gdp_price_index_2015_100,2014,2014,98.4,INDEX_2015_100,calendar_year_price_index,statfin_national_accounts_15a9,https://pxdata.stat.fi/PxWeb/api/v1/fi/StatFin/ntp/15a9.px,"ANA Bruttokansantuote ja -tulo sekä tarjonta ja kysyntä, vuosittain muuttujina Taloustoimi, Vuosi ja Tiedot"
gdp_price_index_2015_100,2015,2015,100.0,INDEX_2015_100,calendar_year_price_index,statfin_national_accounts_15a9,https://pxdata.stat.fi/PxWeb/api/v1/fi/StatFin/ntp/15a9.px,"ANA Bruttokansantuote ja -tulo sekä tarjonta ja kysyntä, vuosittain muuttujina Taloustoimi, Vuosi ja Tiedot"
gdp_price_index_2015_100,2016,2016,100.1,INDEX_2015_100,calendar_year_price_index,statfin_national_accounts_15a9,https://pxdata.stat.fi/PxWeb/api/v1/fi/StatFin/ntp/15a9.px,"ANA Bruttokansantuote ja -tulo sekä tarjonta ja kysyntä, vuosittain muuttujina Taloustoimi, Vuosi ja Tiedot"
gdp_price_index_2015_100,2017,2017,100.9,INDEX_2015_100,calendar_year_price_index,statfin_national_accounts_15a9,https://pxdata.stat.fi/PxWeb/api/v1/fi/StatFin/ntp/15a9.px,"ANA Bruttokansantuote ja -tulo sekä tarjonta ja kysyntä, vuosittain muuttujina Taloustoimi, Vuosi ja Tiedot"
gdp_price_index_2015_100,2018,2018,102.9,INDEX_2015_100,calendar_year_price_index,statfin_national_accounts_15a9,https://pxdata.stat.fi/PxWeb/api/v1/fi/StatFin/ntp/15a9.px,"ANA Bruttokansantuote ja -tulo sekä tarjonta ja kysyntä, vuosittain muuttujina Taloustoimi, Vuosi ja Tiedot"
gdp_price_index_2015_100,2019,2019,104.4,INDEX_2015_100,calendar_year_price_index,statfin_national_accounts_15a9,https://pxdata.stat.fi/PxWeb/api/v1/fi/StatFin/ntp/15a9.px,"ANA Bruttokansantuote ja -tulo sekä tarjonta ja kysyntä, vuosittain muuttujina Taloustoimi, Vuosi ja Tiedot"
gdp_price_index_2015_100,2020,2020,106.1,INDEX_2015_100,calendar_year_price_index,statfin_national_accounts_15a9,https://pxdata.stat.fi/PxWeb/api/v1/fi/StatFin/ntp/15a9.px,"ANA Bruttokansantuote ja -tulo sekä tarjonta ja kysyntä, vuosittain muuttujina Taloustoimi, Vuosi ja Tiedot"
gdp_price_index_2015_100,2021,2021,108.8,INDEX_2015_100,calendar_year_price_index,statfin_national_accounts_15a9,https://pxdata.stat.fi/PxWeb/api/v1/fi/StatFin/ntp/15a9.px,"ANA Bruttokansantuote ja -tulo sekä tarjonta ja kysyntä, vuosittain muuttujina Taloustoimi, Vuosi ja Tiedot"
gdp_price_index_2015_100,2022,2022,115.5,INDEX_2015_100,calendar_year_price_index,statfin_national_accounts_15a9,https://pxdata.stat.fi/PxWeb/api/v1/fi/StatFin/ntp/15a9.px,"ANA Bruttokansantuote ja -tulo sekä tarjonta ja kysyntä, vuosittain muuttujina Taloustoimi, Vuosi ja Tiedot"
gdp_price_index_2015_100,2023,2023,120.0,INDEX_2015_100,calendar_year_price_index,statfin_national_accounts_15a9,https://pxdata.stat.fi/PxWeb/api/v1/fi/StatFin/ntp/15a9.px,"ANA Bruttokansantuote ja -tulo sekä tarjonta ja kysyntä, vuosittain muuttujina Taloustoimi, Vuosi ja Tiedot"
gdp_price_index_2015_100,2024,2024,120.3,INDEX_2015_100,calendar_year_price_index,statfin_national_accounts_15a9,https://pxdata.stat.fi/PxWeb/api/v1/fi/StatFin/ntp/15a9.px,"ANA Bruttokansantuote ja -tulo sekä tarjonta ja kysyntä, vuosittain muuttujina Taloustoimi, Vuosi ja Tiedot"
gdp_price_index_2015_100,2025,2025,121.8,INDEX_2015_100,calendar_year_price_index,statfin_national_accounts_15a9,https://pxdata.stat.fi/PxWeb/api/v1/fi/StatFin/ntp/15a9.px,"ANA Bruttokansantuote ja -tulo sekä tarjonta ja kysyntä, vuosittain muuttujina Taloustoimi, Vuosi ja Tiedot"
gdp_volume_change_pct,1998,1998,5.5,PERCENT,calendar_year_volume_change,statfin_national_accounts_15a9,https://pxdata.stat.fi/PxWeb/api/v1/fi/StatFin/ntp/15a9.px,"ANA Bruttokansantuote ja -tulo sekä tarjonta ja kysyntä, vuosittain muuttujina Taloustoimi, Vuosi ja Tiedot"
gdp_volume_change_pct,1999,1999,4.4,PERCENT,calendar_year_volume_change,statfin_national_accounts_15a9,https://pxdata.stat.fi/PxWeb/api/v1/fi/StatFin/ntp/15a9.px,"ANA Bruttokansantuote ja -tulo sekä tarjonta ja kysyntä, vuosittain muuttujina Taloustoimi, Vuosi ja Tiedot"
gdp_volume_change_pct,2000,2000,5.8,PERCENT,calendar_year_volume_change,statfin_national_accounts_15a9,https://pxdata.stat.fi/PxWeb/api/v1/fi/StatFin/ntp/15a9.px,"ANA Bruttokansantuote ja -tulo sekä tarjonta ja kysyntä, vuosittain muuttujina Taloustoimi, Vuosi ja Tiedot"
gdp_volume_change_pct,2001,2001,2.6,PERCENT,calendar_year_volume_change,statfin_national_accounts_15a9,https://pxdata.stat.fi/PxWeb/api/v1/fi/StatFin/ntp/15a9.px,"ANA Bruttokansantuote ja -tulo sekä tarjonta ja kysyntä, vuosittain muuttujina Taloustoimi, Vuosi ja Tiedot"
gdp_volume_change_pct,2002,2002,1.7,PERCENT,calendar_year_volume_change,statfin_national_accounts_15a9,https://pxdata.stat.fi/PxWeb/api/v1/fi/StatFin/ntp/15a9.px,"ANA Bruttokansantuote ja -tulo sekä tarjonta ja kysyntä, vuosittain muuttujina Taloustoimi, Vuosi ja Tiedot"
gdp_volume_change_pct,2003,2003,2.0,PERCENT,calendar_year_volume_change,statfin_national_accounts_15a9,https://pxdata.stat.fi/PxWeb/api/v1/fi/StatFin/ntp/15a9.px,"ANA Bruttokansantuote ja -tulo sekä tarjonta ja kysyntä, vuosittain muuttujina Taloustoimi, Vuosi ja Tiedot"
gdp_volume_change_pct,2004,2004,4.0,PERCENT,calendar_year_volume_change,statfin_national_accounts_15a9,https://pxdata.stat.fi/PxWeb/api/v1/fi/StatFin/ntp/15a9.px,"ANA Bruttokansantuote ja -tulo sekä tarjonta ja kysyntä, vuosittain muuttujina Taloustoimi, Vuosi ja Tiedot"
gdp_volume_change_pct,2005,2005,2.8,PERCENT,calendar_year_volume_change,statfin_national_accounts_15a9,https://pxdata.stat.fi/PxWeb/api/v1/fi/StatFin/ntp/15a9.px,"ANA Bruttokansantuote ja -tulo sekä tarjonta ja kysyntä, vuosittain muuttujina Taloustoimi, Vuosi ja Tiedot"
gdp_volume_change_pct,2006,2006,4.0,PERCENT,calendar_year_volume_change,statfin_national_accounts_15a9,https://pxdata.stat.fi/PxWeb/api/v1/fi/StatFin/ntp/15a9.px,"ANA Bruttokansantuote ja -tulo sekä tarjonta ja kysyntä, vuosittain muuttujina Taloustoimi, Vuosi ja Tiedot"
gdp_volume_change_pct,2007,2007,5.3,PERCENT,calendar_year_volume_change,statfin_national_accounts_15a9,https://pxdata.stat.fi/PxWeb/api/v1/fi/StatFin/ntp/15a9.px,"ANA Bruttokansantuote ja -tulo sekä tarjonta ja kysyntä, vuosittain muuttujina Taloustoimi, Vuosi ja Tiedot"
gdp_volume_change_pct,2008,2008,0.8,PERCENT,calendar_year_volume_change,statfin_national_accounts_15a9,https://pxdata.stat.fi/PxWeb/api/v1/fi/StatFin/ntp/15a9.px,"ANA Bruttokansantuote ja -tulo sekä tarjonta ja kysyntä, vuosittain muuttujina Taloustoimi, Vuosi ja Tiedot"
gdp_volume_change_pct,2009,2009,-8.1,PERCENT,calendar_year_volume_change,statfin_national_accounts_15a9,https://pxdata.stat.fi/PxWeb/api/v1/fi/StatFin/ntp/15a9.px,"ANA Bruttokansantuote ja -tulo sekä tarjonta ja kysyntä, vuosittain muuttujina Taloustoimi, Vuosi ja Tiedot"
gdp_volume_change_pct,2010,2010,3.2,PERCENT,calendar_year_volume_change,statfin_national_accounts_15a9,https://pxdata.stat.fi/PxWeb/api/v1/fi/StatFin/ntp/15a9.px,"ANA Bruttokansantuote ja -tulo sekä tarjonta ja kysyntä, vuosittain muuttujina Taloustoimi, Vuosi ja Tiedot"
gdp_volume_change_pct,2011,2011,2.4,PERCENT,calendar_year_volume_change,statfin_national_accounts_15a9,https://pxdata.stat.fi/PxWeb/api/v1/fi/StatFin/ntp/15a9.px,"ANA Bruttokansantuote ja -tulo sekä tarjonta ja kysyntä, vuosittain muuttujina Taloustoimi, Vuosi ja Tiedot"
gdp_volume_change_pct,2012,2012,-1.5,PERCENT,calendar_year_volume_change,statfin_national_accounts_15a9,https://pxdata.stat.fi/PxWeb/api/v1/fi/StatFin/ntp/15a9.px,"ANA Bruttokansantuote ja -tulo sekä tarjonta ja kysyntä, vuosittain muuttujina Taloustoimi, Vuosi ja Tiedot"
gdp_volume_change_pct,2013,2013,-1.0,PERCENT,calendar_year_volume_change,statfin_national_accounts_15a9,https://pxdata.stat.fi/PxWeb/api/v1/fi/StatFin/ntp/15a9.px,"ANA Bruttokansantuote ja -tulo sekä tarjonta ja kysyntä, vuosittain muuttujina Taloustoimi, Vuosi ja Tiedot"
gdp_volume_change_pct,2014,2014,-0.5,PERCENT,calendar_year_volume_change,statfin_national_accounts_15a9,https://pxdata.stat.fi/PxWeb/api/v1/fi/StatFin/ntp/15a9.px,"ANA Bruttokansantuote ja -tulo sekä tarjonta ja kysyntä, vuosittain muuttujina Taloustoimi, Vuosi ja Tiedot"
gdp_volume_change_pct,2015,2015,0.5,PERCENT,calendar_year_volume_change,statfin_national_accounts_15a9,https://pxdata.stat.fi/PxWeb/api/v1/fi/StatFin/ntp/15a9.px,"ANA Bruttokansantuote ja -tulo sekä tarjonta ja kysyntä, vuosittain muuttujina Taloustoimi, Vuosi ja Tiedot"
gdp_volume_change_pct,2016,2016,2.6,PERCENT,calendar_year_volume_change,statfin_national_accounts_15a9,https://pxdata.stat.fi/PxWeb/api/v1/fi/StatFin/ntp/15a9.px,"ANA Bruttokansantuote ja -tulo sekä tarjonta ja kysyntä, vuosittain muuttujina Taloustoimi, Vuosi ja Tiedot"
gdp_volume_change_pct,2017,2017,3.3,PERCENT,calendar_year_volume_change,statfin_national_accounts_15a9,https://pxdata.stat.fi/PxWeb/api/v1/fi/StatFin/ntp/15a9.px,"ANA Bruttokansantuote ja -tulo sekä tarjonta ja kysyntä, vuosittain muuttujina Taloustoimi, Vuosi ja Tiedot"
gdp_volume_change_pct,2018,2018,1.2,PERCENT,calendar_year_volume_change,statfin_national_accounts_15a9,https://pxdata.stat.fi/PxWeb/api/v1/fi/StatFin/ntp/15a9.px,"ANA Bruttokansantuote ja -tulo sekä tarjonta ja kysyntä, vuosittain muuttujina Taloustoimi, Vuosi ja Tiedot"
gdp_volume_change_pct,2019,2019,1.3,PERCENT,calendar_year_volume_change,statfin_national_accounts_15a9,https://pxdata.stat.fi/PxWeb/api/v1/fi/StatFin/ntp/15a9.px,"ANA Bruttokansantuote ja -tulo sekä tarjonta ja kysyntä, vuosittain muuttujina Taloustoimi, Vuosi ja Tiedot"
gdp_volume_change_pct,2020,2020,-2.5,PERCENT,calendar_year_volume_change,statfin_national_accounts_15a9,https://pxdata.stat.fi/PxWeb/api/v1/fi/StatFin/ntp/15a9.px,"ANA Bruttokansantuote ja -tulo sekä tarjonta ja kysyntä, vuosittain muuttujina Taloustoimi, Vuosi ja Tiedot"
gdp_volume_change_pct,2021,2021,2.7,PERCENT,calendar_year_volume_change,statfin_national_accounts_15a9,https://pxdata.stat.fi/PxWeb/api/v1/fi/StatFin/ntp/15a9.px,"ANA Bruttokansantuote ja -tulo sekä tarjonta ja kysyntä, vuosittain muuttujina Taloustoimi, Vuosi ja Tiedot"
gdp_volume_change_pct,2022,2022,0.8,PERCENT,calendar_year_volume_change,statfin_national_accounts_15a9,https://pxdata.stat.fi/PxWeb/api/v1/fi/StatFin/ntp/15a9.px,"ANA Bruttokansantuote ja -tulo sekä tarjonta ja kysyntä, vuosittain muuttujina Taloustoimi, Vuosi ja Tiedot"
gdp_volume_change_pct,2023,2023,-1.3,PERCENT,calendar_year_volume_change,statfin_national_accounts_15a9,https://pxdata.stat.fi/PxWeb/api/v1/fi/StatFin/ntp/15a9.px,"ANA Bruttokansantuote ja -tulo sekä tarjonta ja kysyntä, vuosittain muuttujina Taloustoimi, Vuosi ja Tiedot"
gdp_volume_change_pct,2024,2024,0.9,PERCENT,calendar_year_volume_change,statfin_national_accounts_15a9,https://pxdata.stat.fi/PxWeb/api/v1/fi/StatFin/ntp/15a9.px,"ANA Bruttokansantuote ja -tulo sekä tarjonta ja kysyntä, vuosittain muuttujina Taloustoimi, Vuosi ja Tiedot"
gdp_volume_change_pct,2025,2025,0.8,PERCENT,calendar_year_volume_change,statfin_national_accounts_15a9,https://pxdata.stat.fi/PxWeb/api/v1/fi/StatFin/ntp/15a9.px,"ANA Bruttokansantuote ja -tulo sekä tarjonta ja kysyntä, vuosittain muuttujina Taloustoimi, Vuosi ja Tiedot"
gdp_volume_index_2015_100,1998,1998,76.1,INDEX_2015_100,calendar_year_volume_index,statfin_national_accounts_15a9,https://pxdata.stat.fi/PxWeb/api/v1/fi/StatFin/ntp/15a9.px,"ANA Bruttokansantuote ja -tulo sekä tarjonta ja kysyntä, vuosittain muuttujina Taloustoimi, Vuosi ja Tiedot"
gdp_volume_index_2015_100,1999,1999,79.5,INDEX_2015_100,calendar_year_volume_index,statfin_national_accounts_15a9,https://pxdata.stat.fi/PxWeb/api/v1/fi/StatFin/ntp/15a9.px,"ANA Bruttokansantuote ja -tulo sekä tarjonta ja kysyntä, vuosittain muuttujina Taloustoimi, Vuosi ja Tiedot"
gdp_volume_index_2015_100,2000,2000,84.1,INDEX_2015_100,calendar_year_volume_index,statfin_national_accounts_15a9,https://pxdata.stat.fi/PxWeb/api/v1/fi/StatFin/ntp/15a9.px,"ANA Bruttokansantuote ja -tulo sekä tarjonta ja kysyntä, vuosittain muuttujina Taloustoimi, Vuosi ja Tiedot"
gdp_volume_index_2015_100,2001,2001,86.3,INDEX_2015_100,calendar_year_volume_index,statfin_national_accounts_15a9,https://pxdata.stat.fi/PxWeb/api/v1/fi/StatFin/ntp/15a9.px,"ANA Bruttokansantuote ja -tulo sekä tarjonta ja kysyntä, vuosittain muuttujina Taloustoimi, Vuosi ja Tiedot"
gdp_volume_index_2015_100,2002,2002,87.7,INDEX_2015_100,calendar_year_volume_index,statfin_national_accounts_15a9,https://pxdata.stat.fi/PxWeb/api/v1/fi/StatFin/ntp/15a9.px,"ANA Bruttokansantuote ja -tulo sekä tarjonta ja kysyntä, vuosittain muuttujina Taloustoimi, Vuosi ja Tiedot"
gdp_volume_index_2015_100,2003,2003,89.5,INDEX_2015_100,calendar_year_volume_index,statfin_national_accounts_15a9,https://pxdata.stat.fi/PxWeb/api/v1/fi/StatFin/ntp/15a9.px,"ANA Bruttokansantuote ja -tulo sekä tarjonta ja kysyntä, vuosittain muuttujina Taloustoimi, Vuosi ja Tiedot"
gdp_volume_index_2015_100,2004,2004,93.1,INDEX_2015_100,calendar_year_volume_index,statfin_national_accounts_15a9,https://pxdata.stat.fi/PxWeb/api/v1/fi/StatFin/ntp/15a9.px,"ANA Bruttokansantuote ja -tulo sekä tarjonta ja kysyntä, vuosittain muuttujina Taloustoimi, Vuosi ja Tiedot"
gdp_volume_index_2015_100,2005,2005,95.7,INDEX_2015_100,calendar_year_volume_index,statfin_national_accounts_15a9,https://pxdata.stat.fi/PxWeb/api/v1/fi/StatFin/ntp/15a9.px,"ANA Bruttokansantuote ja -tulo sekä tarjonta ja kysyntä, vuosittain muuttujina Taloustoimi, Vuosi ja Tiedot"
gdp_volume_index_2015_100,2006,2006,99.5,INDEX_2015_100,calendar_year_volume_index,statfin_national_accounts_15a9,https://pxdata.stat.fi/PxWeb/api/v1/fi/StatFin/ntp/15a9.px,"ANA Bruttokansantuote ja -tulo sekä tarjonta ja kysyntä, vuosittain muuttujina Taloustoimi, Vuosi ja Tiedot"
gdp_volume_index_2015_100,2007,2007,104.8,INDEX_2015_100,calendar_year_volume_index,statfin_national_accounts_15a9,https://pxdata.stat.fi/PxWeb/api/v1/fi/StatFin/ntp/15a9.px,"ANA Bruttokansantuote ja -tulo sekä tarjonta ja kysyntä, vuosittain muuttujina Taloustoimi, Vuosi ja Tiedot"
gdp_volume_index_2015_100,2008,2008,105.6,INDEX_2015_100,calendar_year_volume_index,statfin_national_accounts_15a9,https://pxdata.stat.fi/PxWeb/api/v1/fi/StatFin/ntp/15a9.px,"ANA Bruttokansantuote ja -tulo sekä tarjonta ja kysyntä, vuosittain muuttujina Taloustoimi, Vuosi ja Tiedot"
gdp_volume_index_2015_100,2009,2009,97.1,INDEX_2015_100,calendar_year_volume_index,statfin_national_accounts_15a9,https://pxdata.stat.fi/PxWeb/api/v1/fi/StatFin/ntp/15a9.px,"ANA Bruttokansantuote ja -tulo sekä tarjonta ja kysyntä, vuosittain muuttujina Taloustoimi, Vuosi ja Tiedot"
gdp_volume_index_2015_100,2010,2010,100.2,INDEX_2015_100,calendar_year_volume_index,statfin_national_accounts_15a9,https://pxdata.stat.fi/PxWeb/api/v1/fi/StatFin/ntp/15a9.px,"ANA Bruttokansantuote ja -tulo sekä tarjonta ja kysyntä, vuosittain muuttujina Taloustoimi, Vuosi ja Tiedot"
gdp_volume_index_2015_100,2011,2011,102.6,INDEX_2015_100,calendar_year_volume_index,statfin_national_accounts_15a9,https://pxdata.stat.fi/PxWeb/api/v1/fi/StatFin/ntp/15a9.px,"ANA Bruttokansantuote ja -tulo sekä tarjonta ja kysyntä, vuosittain muuttujina Taloustoimi, Vuosi ja Tiedot"
gdp_volume_index_2015_100,2012,2012,101.0,INDEX_2015_100,calendar_year_volume_index,statfin_national_accounts_15a9,https://pxdata.stat.fi/PxWeb/api/v1/fi/StatFin/ntp/15a9.px,"ANA Bruttokansantuote ja -tulo sekä tarjonta ja kysyntä, vuosittain muuttujina Taloustoimi, Vuosi ja Tiedot"
gdp_volume_index_2015_100,2013,2013,100.0,INDEX_2015_100,calendar_year_volume_index,statfin_national_accounts_15a9,https://pxdata.stat.fi/PxWeb/api/v1/fi/StatFin/ntp/15a9.px,"ANA Bruttokansantuote ja -tulo sekä tarjonta ja kysyntä, vuosittain muuttujina Taloustoimi, Vuosi ja Tiedot"
gdp_volume_index_2015_100,2014,2014,99.5,INDEX_2015_100,calendar_year_volume_index,statfin_national_accounts_15a9,https://pxdata.stat.fi/PxWeb/api/v1/fi/StatFin/ntp/15a9.px,"ANA Bruttokansantuote ja -tulo sekä tarjonta ja kysyntä, vuosittain muuttujina Taloustoimi, Vuosi ja Tiedot"
gdp_volume_index_2015_100,2015,2015,100.0,INDEX_2015_100,calendar_year_volume_index,statfin_national_accounts_15a9,https://pxdata.stat.fi/PxWeb/api/v1/fi/StatFin/ntp/15a9.px,"ANA Bruttokansantuote ja -tulo sekä tarjonta ja kysyntä, vuosittain muuttujina Taloustoimi, Vuosi ja Tiedot"
gdp_volume_index_2015_100,2016,2016,102.6,INDEX_2015_100,calendar_year_volume_index,statfin_national_accounts_15a9,https://pxdata.stat.fi/PxWeb/api/v1/fi/StatFin/ntp/15a9.px,"ANA Bruttokansantuote ja -tulo sekä tarjonta ja kysyntä, vuosittain muuttujina Taloustoimi, Vuosi ja Tiedot"
gdp_volume_index_2015_100,2017,2017,106.0,INDEX_2015_100,calendar_year_volume_index,statfin_national_accounts_15a9,https://pxdata.stat.fi/PxWeb/api/v1/fi/StatFin/ntp/15a9.px,"ANA Bruttokansantuote ja -tulo sekä tarjonta ja kysyntä, vuosittain muuttujina Taloustoimi, Vuosi ja Tiedot"
gdp_volume_index_2015_100,2018,2018,107.2,INDEX_2015_100,calendar_year_volume_index,statfin_national_accounts_15a9,https://pxdata.stat.fi/PxWeb/api/v1/fi/StatFin/ntp/15a9.px,"ANA Bruttokansantuote ja -tulo sekä tarjonta ja kysyntä, vuosittain muuttujina Taloustoimi, Vuosi ja Tiedot"
gdp_volume_index_2015_100,2019,2019,108.7,INDEX_2015_100,calendar_year_volume_index,statfin_national_accounts_15a9,https://pxdata.stat.fi/PxWeb/api/v1/fi/StatFin/ntp/15a9.px,"ANA Bruttokansantuote ja -tulo sekä tarjonta ja kysyntä, vuosittain muuttujina Taloustoimi, Vuosi ja Tiedot"
gdp_volume_index_2015_100,2020,2020,106.0,INDEX_2015_100,calendar_year_volume_index,statfin_national_accounts_15a9,https://pxdata.stat.fi/PxWeb/api/v1/fi/StatFin/ntp/15a9.px,"ANA Bruttokansantuote ja -tulo sekä tarjonta ja kysyntä, vuosittain muuttujina Taloustoimi, Vuosi ja Tiedot"
gdp_volume_index_2015_100,2021,2021,108.8,INDEX_2015_100,calendar_year_volume_index,statfin_national_accounts_15a9,https://pxdata.stat.fi/PxWeb/api/v1/fi/StatFin/ntp/15a9.px,"ANA Bruttokansantuote ja -tulo sekä tarjonta ja kysyntä, vuosittain muuttujina Taloustoimi, Vuosi ja Tiedot"
gdp_volume_index_2015_100,2022,2022,109.6,INDEX_2015_100,calendar_year_volume_index,statfin_national_accounts_15a9,https://pxdata.stat.fi/PxWeb/api/v1/fi/StatFin/ntp/15a9.px,"ANA Bruttokansantuote ja -tulo sekä tarjonta ja kysyntä, vuosittain muuttujina Taloustoimi, Vuosi ja Tiedot"
gdp_volume_index_2015_100,2023,2023,108.2,INDEX_2015_100,calendar_year_volume_index,statfin_national_accounts_15a9,https://pxdata.stat.fi/PxWeb/api/v1/fi/StatFin/ntp/15a9.px,"ANA Bruttokansantuote ja -tulo sekä tarjonta ja kysyntä, vuosittain muuttujina Taloustoimi, Vuosi ja Tiedot"
gdp_volume_index_2015_100,2024,2024,109.2,INDEX_2015_100,calendar_year_volume_index,statfin_national_accounts_15a9,https://pxdata.stat.fi/PxWeb/api/v1/fi/StatFin/ntp/15a9.px,"ANA Bruttokansantuote ja -tulo sekä tarjonta ja kysyntä, vuosittain muuttujina Taloustoimi, Vuosi ja Tiedot"
gdp_volume_index_2015_100,2025,2025,110.1,INDEX_2015_100,calendar_year_volume_index,statfin_national_accounts_15a9,https://pxdata.stat.fi/PxWeb/api/v1/fi/StatFin/ntp/15a9.px,"ANA Bruttokansantuote ja -tulo sekä tarjonta ja kysyntä, vuosittain muuttujina Taloustoimi, Vuosi ja Tiedot"
population_midyear_persons,1998,1998,5153497.5,PERSON,calendar_year_midyear_population,statfin_population_midyear_11s1,https://pxdata.stat.fi/PxWeb/api/v1/fi/StatFin/vaerak/11s1.px,"Keskiväkiluku muuttujina Alue, Vuosi, Sukupuoli, Ikä ja Tiedot"
population_midyear_persons,1999,1999,5165474.0,PERSON,calendar_year_midyear_population,statfin_population_midyear_11s1,https://pxdata.stat.fi/PxWeb/api/v1/fi/StatFin/vaerak/11s1.px,"Keskiväkiluku muuttujina Alue, Vuosi, Sukupuoli, Ikä ja Tiedot"
population_midyear_persons,2000,2000,5176208.5,PERSON,calendar_year_midyear_population,statfin_population_midyear_11s1,https://pxdata.stat.fi/PxWeb/api/v1/fi/StatFin/vaerak/11s1.px,"Keskiväkiluku muuttujina Alue, Vuosi, Sukupuoli, Ikä ja Tiedot"
population_midyear_persons,2001,2001,5188008.0,PERSON,calendar_year_midyear_population,statfin_population_midyear_11s1,https://pxdata.stat.fi/PxWeb/api/v1/fi/StatFin/vaerak/11s1.px,"Keskiväkiluku muuttujina Alue, Vuosi, Sukupuoli, Ikä ja Tiedot"
population_midyear_persons,2002,2002,5200598.0,PERSON,calendar_year_midyear_population,statfin_population_midyear_11s1,https://pxdata.stat.fi/PxWeb/api/v1/fi/StatFin/vaerak/11s1.px,"Keskiväkiluku muuttujina Alue, Vuosi, Sukupuoli, Ikä ja Tiedot"
population_midyear_persons,2003,2003,5213013.5,PERSON,calendar_year_midyear_population,statfin_population_midyear_11s1,https://pxdata.stat.fi/PxWeb/api/v1/fi/StatFin/vaerak/11s1.px,"Keskiväkiluku muuttujina Alue, Vuosi, Sukupuoli, Ikä ja Tiedot"
population_midyear_persons,2004,2004,5228171.5,PERSON,calendar_year_midyear_population,statfin_population_midyear_11s1,https://pxdata.stat.fi/PxWeb/api/v1/fi/StatFin/vaerak/11s1.px,"Keskiväkiluku muuttujina Alue, Vuosi, Sukupuoli, Ikä ja Tiedot"
population_midyear_persons,2005,2005,5246095.5,PERSON,calendar_year_midyear_population,statfin_population_midyear_11s1,https://pxdata.stat.fi/PxWeb/api/v1/fi/StatFin/vaerak/11s1.px,"Keskiväkiluku muuttujina Alue, Vuosi, Sukupuoli, Ikä ja Tiedot"
population_midyear_persons,2006,2006,5266267.5,PERSON,calendar_year_midyear_population,statfin_population_midyear_11s1,https://pxdata.stat.fi/PxWeb/api/v1/fi/StatFin/vaerak/11s1.px,"Keskiväkiluku muuttujina Alue, Vuosi, Sukupuoli, Ikä ja Tiedot"
population_midyear_persons,2007,2007,5288719.5,PERSON,calendar_year_midyear_population,statfin_population_midyear_11s1,https://pxdata.stat.fi/PxWeb/api/v1/fi/StatFin/vaerak/11s1.px,"Keskiväkiluku muuttujina Alue, Vuosi, Sukupuoli, Ikä ja Tiedot"
population_midyear_persons,2008,2008,5313399.0,PERSON,calendar_year_midyear_population,statfin_population_midyear_11s1,https://pxdata.stat.fi/PxWeb/api/v1/fi/StatFin/vaerak/11s1.px,"Keskiväkiluku muuttujina Alue, Vuosi, Sukupuoli, Ikä ja Tiedot"
population_midyear_persons,2009,2009,5338870.5,PERSON,calendar_year_midyear_population,statfin_population_midyear_11s1,https://pxdata.stat.fi/PxWeb/api/v1/fi/StatFin/vaerak/11s1.px,"Keskiväkiluku muuttujina Alue, Vuosi, Sukupuoli, Ikä ja Tiedot"
population_midyear_persons,2010,2010,5363351.5,PERSON,calendar_year_midyear_population,statfin_population_midyear_11s1,https://pxdata.stat.fi/PxWeb/api/v1/fi/StatFin/vaerak/11s1.px,"Keskiväkiluku muuttujina Alue, Vuosi, Sukupuoli, Ikä ja Tiedot"
population_midyear_persons,2011,2011,5388271.5,PERSON,calendar_year_midyear_population,statfin_population_midyear_11s1,https://pxdata.stat.fi/PxWeb/api/v1/fi/StatFin/vaerak/11s1.px,"Keskiväkiluku muuttujina Alue, Vuosi, Sukupuoli, Ikä ja Tiedot"
population_midyear_persons,2012,2012,5413970.5,PERSON,calendar_year_midyear_population,statfin_population_midyear_11s1,https://pxdata.stat.fi/PxWeb/api/v1/fi/StatFin/vaerak/11s1.px,"Keskiväkiluku muuttujina Alue, Vuosi, Sukupuoli, Ikä ja Tiedot"
population_midyear_persons,2013,2013,5438972.0,PERSON,calendar_year_midyear_population,statfin_population_midyear_11s1,https://pxdata.stat.fi/PxWeb/api/v1/fi/StatFin/vaerak/11s1.px,"Keskiväkiluku muuttujina Alue, Vuosi, Sukupuoli, Ikä ja Tiedot"
population_midyear_persons,2014,2014,5461511.5,PERSON,calendar_year_midyear_population,statfin_population_midyear_11s1,https://pxdata.stat.fi/PxWeb/api/v1/fi/StatFin/vaerak/11s1.px,"Keskiväkiluku muuttujina Alue, Vuosi, Sukupuoli, Ikä ja Tiedot"
population_midyear_persons,2015,2015,5479530.5,PERSON,calendar_year_midyear_population,statfin_population_midyear_11s1,https://pxdata.stat.fi/PxWeb/api/v1/fi/StatFin/vaerak/11s1.px,"Keskiväkiluku muuttujina Alue, Vuosi, Sukupuoli, Ikä ja Tiedot"
population_midyear_persons,2016,2016,5495302.5,PERSON,calendar_year_midyear_population,statfin_population_midyear_11s1,https://pxdata.stat.fi/PxWeb/api/v1/fi/StatFin/vaerak/11s1.px,"Keskiväkiluku muuttujina Alue, Vuosi, Sukupuoli, Ikä ja Tiedot"
population_midyear_persons,2017,2017,5508213.5,PERSON,calendar_year_midyear_population,statfin_population_midyear_11s1,https://pxdata.stat.fi/PxWeb/api/v1/fi/StatFin/vaerak/11s1.px,"Keskiväkiluku muuttujina Alue, Vuosi, Sukupuoli, Ikä ja Tiedot"
population_midyear_persons,2018,2018,5515524.5,PERSON,calendar_year_midyear_population,statfin_population_midyear_11s1,https://pxdata.stat.fi/PxWeb/api/v1/fi/StatFin/vaerak/11s1.px,"Keskiväkiluku muuttujina Alue, Vuosi, Sukupuoli, Ikä ja Tiedot"
population_midyear_persons,2019,2019,5521605.5,PERSON,calendar_year_midyear_population,statfin_population_midyear_11s1,https://pxdata.stat.fi/PxWeb/api/v1/fi/StatFin/vaerak/11s1.px,"Keskiväkiluku muuttujina Alue, Vuosi, Sukupuoli, Ikä ja Tiedot"
population_midyear_persons,2020,2020,5529542.5,PERSON,calendar_year_midyear_population,statfin_population_midyear_11s1,https://pxdata.stat.fi/PxWeb/api/v1/fi/StatFin/vaerak/11s1.px,"Keskiväkiluku muuttujina Alue, Vuosi, Sukupuoli, Ikä ja Tiedot"
population_midyear_persons,2021,2021,5541017.0,PERSON,calendar_year_midyear_population,statfin_population_midyear_11s1,https://pxdata.stat.fi/PxWeb/api/v1/fi/StatFin/vaerak/11s1.px,"Keskiväkiluku muuttujina Alue, Vuosi, Sukupuoli, Ikä ja Tiedot"
population_midyear_persons,2022,2022,5556105.5,PERSON,calendar_year_midyear_population,statfin_population_midyear_11s1,https://pxdata.stat.fi/PxWeb/api/v1/fi/StatFin/vaerak/11s1.px,"Keskiväkiluku muuttujina Alue, Vuosi, Sukupuoli, Ikä ja Tiedot"
population_midyear_persons,2023,2023,5583910.5,PERSON,calendar_year_midyear_population,statfin_population_midyear_11s1,https://pxdata.stat.fi/PxWeb/api/v1/fi/StatFin/vaerak/11s1.px,"Keskiväkiluku muuttujina Alue, Vuosi, Sukupuoli, Ikä ja Tiedot"
population_midyear_persons,2024,2024,5619911.0,PERSON,calendar_year_midyear_population,statfin_population_midyear_11s1,https://pxdata.stat.fi/PxWeb/api/v1/fi/StatFin/vaerak/11s1.px,"Keskiväkiluku muuttujina Alue, Vuosi, Sukupuoli, Ikä ja Tiedot"
population_midyear_persons,2025,2025,5644426.0,PERSON,calendar_year_midyear_population,statfin_population_midyear_11s1,https://pxdata.stat.fi/PxWeb/api/v1/fi/StatFin/vaerak/11s1.px,"Keskiväkiluku muuttujina Alue, Vuosi, Sukupuoli, Ikä ja Tiedot"
