region_code,region_name_fi,region_type,year,governance_period,reform_break,official_uri,primary_care_cost_nominal_eur_per_resident,public_health_staff_per_10000,primary_care_doctor_visits_per_1000,primary_care_wait_over_7d_pct,primary_care_doctor_continuity_coci,experienced_fast_access_pct,self_rated_health_mediocre_or_worse_pct,experienced_insufficient_doctor_services_pct,primary_care_emergency_visits_per_1000,avoidable_emergency_hospitalizations_per_100000,public_service_deflator_2015_100,primary_care_cost_real_2024_eur_per_resident,self_rated_healthy_pct,experienced_sufficient_doctor_services_pct,activity_per_real_cost,care_request_count,no_appointment_share_pct,interrupted_care_path_share_pct,median_wait_days,whole_chain_cost_real_eur_per_resident,available_metric_count,requested_metric_count,data_coverage_pct,coverage_status,activity_per_real_cost_index_fi_2020_100,continuity_index_fi_2020_100,experienced_access_index_fi_2020_100,experienced_service_adequacy_index_fi_2020_100,experienced_health_index_fi_2020_100,quality_balance_component_count,quality_balance_index,quality_balance_index_status,quality_balance_index_basis,service_value_index,service_value_index_status,service_value_index_basis
FI,Koko maa,country,2020,municipalities_aggregated_to_current_hva,false,http://www.yso.fi/onto/kunnat/suomi,578.9,244.6,1785.0,,0.34,68.4,36.8,19.8,359.8,1446.0,103.0,672.2,63.2,80.2,2.65546,,,,,,9,10,90.0,partial,100.0,100.0,100.0,100.0,100.0,4,100.0,published_equal_weight_quality_core,Finland 2020 = 100; equal-weight geometric mean,,retired_requires_whole_chain_value_data,"Not published until resolved need, whole-chain cost and safety are available"
FI,Koko maa,country,2021,municipalities_aggregated_to_current_hva,false,http://www.yso.fi/onto/kunnat/suomi,544.8,240.9,1806.0,38.3,0.31,,,,423.7,1297.0,105.6,617.03,,,2.926924,,,,,,7,10,70.0,partial,110.22,91.18,,,,1,,not_published_incomplete_quality_core,Finland 2020 = 100; equal-weight geometric mean,,retired_requires_whole_chain_value_data,"Not published until resolved need, whole-chain cost and safety are available"
FI,Koko maa,country,2022,municipalities_aggregated_to_current_hva,false,http://www.yso.fi/onto/kunnat/suomi,567.4,240.9,1878.0,42.2,0.29,63.0,36.8,24.9,406.6,1129.0,110.4,614.68,63.2,75.1,3.055248,,,,,,10,10,100.0,complete,115.06,85.29,92.11,93.64,100.0,4,92.61,published_equal_weight_quality_core,Finland 2020 = 100; equal-weight geometric mean,,retired_requires_whole_chain_value_data,"Not published until resolved need, whole-chain cost and safety are available"
FI,Koko maa,country,2023,wellbeing_areas_reported,true,http://www.yso.fi/onto/kunnat/suomi,673.4,240.7,1925.0,48.5,0.28,,,,448.2,1081.0,116.4,691.91,,,2.782154,,,,,,7,10,70.0,partial,104.77,82.35,,,,1,,not_published_incomplete_quality_core,Finland 2020 = 100; equal-weight geometric mean,,retired_requires_whole_chain_value_data,"Not published until resolved need, whole-chain cost and safety are available"
FI,Koko maa,country,2024,wellbeing_areas_reported,false,http://www.yso.fi/onto/kunnat/suomi,676.6,,2022.0,43.4,0.28,64.7,37.4,24.9,518.5,1045.0,119.6,676.6,62.6,75.1,2.988472,,,,,,9,10,90.0,partial,112.54,82.35,94.59,93.64,99.05,4,92.2,published_equal_weight_quality_core,Finland 2020 = 100; equal-weight geometric mean,,retired_requires_whole_chain_value_data,"Not published until resolved need, whole-chain cost and safety are available"
FI,Koko maa,country,2025,wellbeing_areas_reported,false,http://www.yso.fi/onto/kunnat/suomi,,,,54.7,0.29,,,,545.8,1050.0,,,,,,,,,,,4,10,40.0,partial,,85.29,,,,1,,not_published_incomplete_quality_core,Finland 2020 = 100; equal-weight geometric mean,,retired_requires_whole_chain_value_data,"Not published until resolved need, whole-chain cost and safety are available"
HVA-01,Itä-Uudenmaan hyvinvointialue,wellbeing_area,2020,municipalities_aggregated_to_current_hva,false,,504.0,150.9,1338.0,,0.34,65.3,37.0,19.8,355.1,1708.0,103.0,585.23,63.0,80.2,2.286281,,,,,,9,10,90.0,partial,86.1,100.0,95.47,100.0,99.68,4,98.77,published_equal_weight_quality_core,Finland 2020 = 100; equal-weight geometric mean,,retired_requires_whole_chain_value_data,"Not published until resolved need, whole-chain cost and safety are available"
HVA-01,Itä-Uudenmaan hyvinvointialue,wellbeing_area,2021,municipalities_aggregated_to_current_hva,false,,469.5,147.7,1445.0,56.1,0.35,,,,373.3,1490.0,105.6,531.74,,,2.717494,,,,,,7,10,70.0,partial,102.34,102.94,,,,1,,not_published_incomplete_quality_core,Finland 2020 = 100; equal-weight geometric mean,,retired_requires_whole_chain_value_data,"Not published until resolved need, whole-chain cost and safety are available"
HVA-01,Itä-Uudenmaan hyvinvointialue,wellbeing_area,2022,municipalities_aggregated_to_current_hva,false,,545.8,138.1,1441.0,59.3,0.36,61.9,36.0,25.9,434.0,1242.0,110.4,591.28,64.0,74.1,2.437086,,,,,,10,10,100.0,complete,91.78,105.88,90.5,92.39,101.27,4,97.31,published_equal_weight_quality_core,Finland 2020 = 100; equal-weight geometric mean,,retired_requires_whole_chain_value_data,"Not published until resolved need, whole-chain cost and safety are available"
HVA-01,Itä-Uudenmaan hyvinvointialue,wellbeing_area,2023,wellbeing_areas_reported,true,,619.8,128.3,1403.0,58.1,0.33,,,,437.5,970.0,116.4,636.84,,,2.203065,,,,,,7,10,70.0,partial,82.96,97.06,,,,1,,not_published_incomplete_quality_core,Finland 2020 = 100; equal-weight geometric mean,,retired_requires_whole_chain_value_data,"Not published until resolved need, whole-chain cost and safety are available"
HVA-01,Itä-Uudenmaan hyvinvointialue,wellbeing_area,2024,wellbeing_areas_reported,false,,701.7,,1435.0,49.7,0.31,64.8,36.9,22.4,414.1,825.0,119.6,701.7,63.1,77.6,2.045033,,,,,,9,10,90.0,partial,77.01,91.18,94.74,96.76,99.84,4,95.58,published_equal_weight_quality_core,Finland 2020 = 100; equal-weight geometric mean,,retired_requires_whole_chain_value_data,"Not published until resolved need, whole-chain cost and safety are available"
HVA-01,Itä-Uudenmaan hyvinvointialue,wellbeing_area,2025,wellbeing_areas_reported,false,,,,,51.8,0.33,,,,400.1,826.0,,,,,,,,,,,4,10,40.0,partial,,97.06,,,,1,,not_published_incomplete_quality_core,Finland 2020 = 100; equal-weight geometric mean,,retired_requires_whole_chain_value_data,"Not published until resolved need, whole-chain cost and safety are available"
HVA-02,Keski-Uudenmaan hyvinvointialue,wellbeing_area,2020,municipalities_aggregated_to_current_hva,false,,604.0,185.1,1905.0,,0.38,70.1,34.4,19.9,316.9,1407.0,103.0,701.34,65.6,80.1,2.716229,,,,,,9,10,90.0,partial,102.29,111.76,102.49,99.88,103.8,4,104.39,published_equal_weight_quality_core,Finland 2020 = 100; equal-weight geometric mean,,retired_requires_whole_chain_value_data,"Not published until resolved need, whole-chain cost and safety are available"
HVA-02,Keski-Uudenmaan hyvinvointialue,wellbeing_area,2021,municipalities_aggregated_to_current_hva,false,,412.8,177.2,1739.0,16.8,0.33,,,,314.2,1227.0,105.6,467.53,,,3.719547,,,,,,7,10,70.0,partial,140.07,97.06,,,,1,,not_published_incomplete_quality_core,Finland 2020 = 100; equal-weight geometric mean,,retired_requires_whole_chain_value_data,"Not published until resolved need, whole-chain cost and safety are available"
HVA-02,Keski-Uudenmaan hyvinvointialue,wellbeing_area,2022,municipalities_aggregated_to_current_hva,false,,653.4,164.6,1134.0,17.9,0.28,60.2,36.5,32.8,338.8,988.0,110.4,707.85,63.5,67.2,1.602034,,,,,,10,10,100.0,complete,60.33,82.35,88.01,83.79,100.47,4,88.38,published_equal_weight_quality_core,Finland 2020 = 100; equal-weight geometric mean,,retired_requires_whole_chain_value_data,"Not published until resolved need, whole-chain cost and safety are available"
HVA-02,Keski-Uudenmaan hyvinvointialue,wellbeing_area,2023,wellbeing_areas_reported,true,,677.8,167.1,1008.0,23.7,0.24,,,,368.5,835.0,116.4,696.43,,,1.447382,,,,,,7,10,70.0,partial,54.51,70.59,,,,1,,not_published_incomplete_quality_core,Finland 2020 = 100; equal-weight geometric mean,,retired_requires_whole_chain_value_data,"Not published until resolved need, whole-chain cost and safety are available"
HVA-02,Keski-Uudenmaan hyvinvointialue,wellbeing_area,2024,wellbeing_areas_reported,false,,705.9,,797.0,32.8,0.23,60.2,36.3,30.8,487.0,679.0,119.6,705.9,63.7,69.2,1.129055,,,,,,9,10,90.0,partial,42.52,67.65,88.01,86.28,100.79,4,84.83,published_equal_weight_quality_core,Finland 2020 = 100; equal-weight geometric mean,,retired_requires_whole_chain_value_data,"Not published until resolved need, whole-chain cost and safety are available"
HVA-02,Keski-Uudenmaan hyvinvointialue,wellbeing_area,2025,wellbeing_areas_reported,false,,,,,46.7,0.28,,,,764.8,680.0,,,,,,,,,,,4,10,40.0,partial,,82.35,,,,1,,not_published_incomplete_quality_core,Finland 2020 = 100; equal-weight geometric mean,,retired_requires_whole_chain_value_data,"Not published until resolved need, whole-chain cost and safety are available"
HVA-03,Länsi-Uudenmaan hyvinvointialue,wellbeing_area,2020,municipalities_aggregated_to_current_hva,false,,542.9,142.9,1501.0,,0.31,69.0,31.4,18.7,358.5,1249.0,103.0,630.4,68.6,81.3,2.381028,,,,,,9,10,90.0,partial,89.67,91.18,100.88,101.37,108.54,4,100.3,published_equal_weight_quality_core,Finland 2020 = 100; equal-weight geometric mean,,retired_requires_whole_chain_value_data,"Not published until resolved need, whole-chain cost and safety are available"
HVA-03,Länsi-Uudenmaan hyvinvointialue,wellbeing_area,2021,municipalities_aggregated_to_current_hva,false,,400.8,136.3,1483.0,49.5,0.29,,,,388.1,1069.0,105.6,453.94,,,3.266952,,,,,,7,10,70.0,partial,123.03,85.29,,,,1,,not_published_incomplete_quality_core,Finland 2020 = 100; equal-weight geometric mean,,retired_requires_whole_chain_value_data,"Not published until resolved need, whole-chain cost and safety are available"
HVA-03,Länsi-Uudenmaan hyvinvointialue,wellbeing_area,2022,municipalities_aggregated_to_current_hva,false,,418.8,132.4,1470.0,49.0,0.29,66.0,31.3,23.6,379.7,858.0,110.4,453.7,68.7,76.4,3.240026,,,,,,10,10,100.0,complete,122.01,85.29,96.49,95.26,108.7,4,96.08,published_equal_weight_quality_core,Finland 2020 = 100; equal-weight geometric mean,,retired_requires_whole_chain_value_data,"Not published until resolved need, whole-chain cost and safety are available"
HVA-03,Länsi-Uudenmaan hyvinvointialue,wellbeing_area,2023,wellbeing_areas_reported,true,,543.6,134.0,1447.0,48.8,0.3,,,,363.3,811.0,116.4,558.54,,,2.590683,,,,,,7,10,70.0,partial,97.56,88.24,,,,1,,not_published_incomplete_quality_core,Finland 2020 = 100; equal-weight geometric mean,,retired_requires_whole_chain_value_data,"Not published until resolved need, whole-chain cost and safety are available"
HVA-03,Länsi-Uudenmaan hyvinvointialue,wellbeing_area,2024,wellbeing_areas_reported,false,,554.3,,1461.0,36.3,0.29,67.5,29.7,29.4,389.7,739.0,119.6,554.3,70.3,70.6,2.635757,,,,,,9,10,90.0,partial,99.26,85.29,98.68,88.03,111.23,4,95.28,published_equal_weight_quality_core,Finland 2020 = 100; equal-weight geometric mean,,retired_requires_whole_chain_value_data,"Not published until resolved need, whole-chain cost and safety are available"
HVA-03,Länsi-Uudenmaan hyvinvointialue,wellbeing_area,2025,wellbeing_areas_reported,false,,,,,40.0,0.3,,,,407.4,751.0,,,,,,,,,,,4,10,40.0,partial,,88.24,,,,1,,not_published_incomplete_quality_core,Finland 2020 = 100; equal-weight geometric mean,,retired_requires_whole_chain_value_data,"Not published until resolved need, whole-chain cost and safety are available"
HVA-04,Vantaan ja Keravan hyvinvointialue,wellbeing_area,2020,municipalities_aggregated_to_current_hva,false,,538.2,130.4,911.0,,,66.8,37.0,25.1,160.7,1479.0,103.0,624.94,63.0,74.9,1.45774,,,,,,8,10,80.0,partial,54.9,,97.66,93.39,99.68,3,,not_published_incomplete_quality_core,Finland 2020 = 100; equal-weight geometric mean,,retired_requires_whole_chain_value_data,"Not published until resolved need, whole-chain cost and safety are available"
HVA-04,Vantaan ja Keravan hyvinvointialue,wellbeing_area,2021,municipalities_aggregated_to_current_hva,false,,508.1,128.3,831.0,32.9,,,,,169.5,1309.0,105.6,575.46,,,1.444062,,,,,,6,10,60.0,partial,54.38,,,,,0,,not_published_incomplete_quality_core,Finland 2020 = 100; equal-weight geometric mean,,retired_requires_whole_chain_value_data,"Not published until resolved need, whole-chain cost and safety are available"
HVA-04,Vantaan ja Keravan hyvinvointialue,wellbeing_area,2022,municipalities_aggregated_to_current_hva,false,,531.9,124.0,1363.0,29.0,,64.5,37.2,28.6,162.8,1089.0,110.4,576.22,62.8,71.4,2.365416,,,,,,9,10,90.0,partial,89.08,,94.3,89.03,99.37,3,,not_published_incomplete_quality_core,Finland 2020 = 100; equal-weight geometric mean,,retired_requires_whole_chain_value_data,"Not published until resolved need, whole-chain cost and safety are available"
HVA-04,Vantaan ja Keravan hyvinvointialue,wellbeing_area,2023,wellbeing_areas_reported,true,,608.0,123.5,1944.0,58.0,,,,,485.2,958.0,116.4,624.71,,,3.111844,,,,,,6,10,60.0,partial,117.19,,,,,0,,not_published_incomplete_quality_core,Finland 2020 = 100; equal-weight geometric mean,,retired_requires_whole_chain_value_data,"Not published until resolved need, whole-chain cost and safety are available"
HVA-04,Vantaan ja Keravan hyvinvointialue,wellbeing_area,2024,wellbeing_areas_reported,false,,625.8,,2763.0,70.4,0.29,63.5,35.3,24.9,716.8,847.0,119.6,625.8,64.7,75.1,4.415149,,,,,,9,10,90.0,partial,166.27,85.29,92.84,93.64,102.37,4,93.34,published_equal_weight_quality_core,Finland 2020 = 100; equal-weight geometric mean,,retired_requires_whole_chain_value_data,"Not published until resolved need, whole-chain cost and safety are available"
HVA-04,Vantaan ja Keravan hyvinvointialue,wellbeing_area,2025,wellbeing_areas_reported,false,,,,,85.4,0.34,,,,736.5,855.0,,,,,,,,,,,4,10,40.0,partial,,100.0,,,,1,,not_published_incomplete_quality_core,Finland 2020 = 100; equal-weight geometric mean,,retired_requires_whole_chain_value_data,"Not published until resolved need, whole-chain cost and safety are available"
HVA-05,Varsinais-Suomen hyvinvointialue,wellbeing_area,2020,municipalities_aggregated_to_current_hva,false,,537.3,282.3,1844.0,,0.4,66.9,35.8,19.1,500.9,1143.0,103.0,623.89,64.2,80.9,2.955649,,,,,,9,10,90.0,partial,111.3,117.65,97.81,100.87,101.58,4,104.2,published_equal_weight_quality_core,Finland 2020 = 100; equal-weight geometric mean,,retired_requires_whole_chain_value_data,"Not published until resolved need, whole-chain cost and safety are available"
HVA-05,Varsinais-Suomen hyvinvointialue,wellbeing_area,2021,municipalities_aggregated_to_current_hva,false,,514.9,275.6,1863.0,52.5,0.38,,,,459.0,972.0,105.6,583.16,,,3.194664,,,,,,7,10,70.0,partial,120.31,111.76,,,,1,,not_published_incomplete_quality_core,Finland 2020 = 100; equal-weight geometric mean,,retired_requires_whole_chain_value_data,"Not published until resolved need, whole-chain cost and safety are available"
HVA-05,Varsinais-Suomen hyvinvointialue,wellbeing_area,2022,municipalities_aggregated_to_current_hva,false,,595.6,269.2,1825.0,55.7,0.36,64.8,36.6,23.6,413.7,852.0,110.4,645.23,63.4,76.4,2.828449,,,,,,10,10,100.0,complete,106.51,105.88,94.74,95.26,100.32,4,98.95,published_equal_weight_quality_core,Finland 2020 = 100; equal-weight geometric mean,,retired_requires_whole_chain_value_data,"Not published until resolved need, whole-chain cost and safety are available"
HVA-05,Varsinais-Suomen hyvinvointialue,wellbeing_area,2023,wellbeing_areas_reported,true,,709.0,275.6,1752.0,52.3,0.33,,,,413.6,785.0,116.4,728.49,,,2.404975,,,,,,7,10,70.0,partial,90.57,97.06,,,,1,,not_published_incomplete_quality_core,Finland 2020 = 100; equal-weight geometric mean,,retired_requires_whole_chain_value_data,"Not published until resolved need, whole-chain cost and safety are available"
HVA-05,Varsinais-Suomen hyvinvointialue,wellbeing_area,2024,wellbeing_areas_reported,false,,693.8,,1741.0,39.5,0.33,66.2,39.6,19.8,441.8,745.0,119.6,693.8,60.4,80.2,2.509369,,,,,,9,10,90.0,partial,94.5,97.06,96.78,100.0,95.57,4,97.34,published_equal_weight_quality_core,Finland 2020 = 100; equal-weight geometric mean,,retired_requires_whole_chain_value_data,"Not published until resolved need, whole-chain cost and safety are available"
HVA-05,Varsinais-Suomen hyvinvointialue,wellbeing_area,2025,wellbeing_areas_reported,false,,,,,57.9,0.35,,,,565.0,761.0,,,,,,,,,,,4,10,40.0,partial,,102.94,,,,1,,not_published_incomplete_quality_core,Finland 2020 = 100; equal-weight geometric mean,,retired_requires_whole_chain_value_data,"Not published until resolved need, whole-chain cost and safety are available"
HVA-06,Satakunnan hyvinvointialue,wellbeing_area,2020,municipalities_aggregated_to_current_hva,false,,581.6,255.1,2106.0,,0.31,68.0,38.9,20.7,204.4,1558.0,103.0,675.33,61.1,79.3,3.118475,,,,,,9,10,90.0,partial,117.44,91.18,99.42,98.88,96.68,4,96.48,published_equal_weight_quality_core,Finland 2020 = 100; equal-weight geometric mean,,retired_requires_whole_chain_value_data,"Not published until resolved need, whole-chain cost and safety are available"
HVA-06,Satakunnan hyvinvointialue,wellbeing_area,2021,municipalities_aggregated_to_current_hva,false,,655.3,260.7,2229.0,28.8,0.32,,,,186.7,1286.0,105.6,742.18,,,3.003315,,,,,,7,10,70.0,partial,113.1,94.12,,,,1,,not_published_incomplete_quality_core,Finland 2020 = 100; equal-weight geometric mean,,retired_requires_whole_chain_value_data,"Not published until resolved need, whole-chain cost and safety are available"
HVA-06,Satakunnan hyvinvointialue,wellbeing_area,2022,municipalities_aggregated_to_current_hva,false,,727.1,262.8,2301.0,30.9,0.32,60.9,42.8,25.1,217.1,1092.0,110.4,787.69,57.2,74.9,2.9212,,,,,,10,10,100.0,complete,110.01,94.12,89.04,93.39,90.51,4,91.74,published_equal_weight_quality_core,Finland 2020 = 100; equal-weight geometric mean,,retired_requires_whole_chain_value_data,"Not published until resolved need, whole-chain cost and safety are available"
HVA-06,Satakunnan hyvinvointialue,wellbeing_area,2023,wellbeing_areas_reported,true,,802.5,231.5,2296.0,33.6,0.32,,,,194.3,1092.0,116.4,824.56,,,2.784515,,,,,,7,10,70.0,partial,104.86,94.12,,,,1,,not_published_incomplete_quality_core,Finland 2020 = 100; equal-weight geometric mean,,retired_requires_whole_chain_value_data,"Not published until resolved need, whole-chain cost and safety are available"
HVA-06,Satakunnan hyvinvointialue,wellbeing_area,2024,wellbeing_areas_reported,false,,765.5,,2311.0,31.8,0.29,61.2,42.3,26.3,180.3,1073.0,119.6,765.5,57.7,73.7,3.018942,,,,,,9,10,90.0,partial,113.69,85.29,89.47,91.9,91.3,4,89.45,published_equal_weight_quality_core,Finland 2020 = 100; equal-weight geometric mean,,retired_requires_whole_chain_value_data,"Not published until resolved need, whole-chain cost and safety are available"
HVA-06,Satakunnan hyvinvointialue,wellbeing_area,2025,wellbeing_areas_reported,false,,,,,56.6,0.26,,,,285.7,1011.0,,,,,,,,,,,4,10,40.0,partial,,76.47,,,,1,,not_published_incomplete_quality_core,Finland 2020 = 100; equal-weight geometric mean,,retired_requires_whole_chain_value_data,"Not published until resolved need, whole-chain cost and safety are available"
HVA-07,Kanta-Hämeen hyvinvointialue,wellbeing_area,2020,municipalities_aggregated_to_current_hva,false,,543.4,192.6,2316.0,,0.36,71.9,39.7,17.3,470.4,1574.0,103.0,630.98,60.3,82.7,3.670481,,,,,,9,10,90.0,partial,138.22,105.88,105.12,103.12,95.41,4,102.3,published_equal_weight_quality_core,Finland 2020 = 100; equal-weight geometric mean,,retired_requires_whole_chain_value_data,"Not published until resolved need, whole-chain cost and safety are available"
HVA-07,Kanta-Hämeen hyvinvointialue,wellbeing_area,2021,municipalities_aggregated_to_current_hva,false,,541.1,193.2,2403.0,53.3,0.35,,,,602.7,1404.0,105.6,612.84,,,3.921089,,,,,,7,10,70.0,partial,147.66,102.94,,,,1,,not_published_incomplete_quality_core,Finland 2020 = 100; equal-weight geometric mean,,retired_requires_whole_chain_value_data,"Not published until resolved need, whole-chain cost and safety are available"
HVA-07,Kanta-Hämeen hyvinvointialue,wellbeing_area,2022,municipalities_aggregated_to_current_hva,false,,594.4,185.3,2436.0,52.7,0.33,68.2,40.6,18.3,576.4,1310.0,110.4,643.93,59.4,81.7,3.78302,,,,,,10,10,100.0,complete,142.46,97.06,99.71,101.87,93.99,4,98.11,published_equal_weight_quality_core,Finland 2020 = 100; equal-weight geometric mean,,retired_requires_whole_chain_value_data,"Not published until resolved need, whole-chain cost and safety are available"
HVA-07,Kanta-Hämeen hyvinvointialue,wellbeing_area,2023,wellbeing_areas_reported,true,,642.3,200.1,2476.0,54.0,0.32,,,,541.3,1332.0,116.4,659.96,,,3.751743,,,,,,7,10,70.0,partial,141.28,94.12,,,,1,,not_published_incomplete_quality_core,Finland 2020 = 100; equal-weight geometric mean,,retired_requires_whole_chain_value_data,"Not published until resolved need, whole-chain cost and safety are available"
HVA-07,Kanta-Hämeen hyvinvointialue,wellbeing_area,2024,wellbeing_areas_reported,false,,685.4,,2551.0,50.8,0.32,71.2,36.8,19.3,566.6,1307.0,119.6,685.4,63.2,80.7,3.721914,,,,,,9,10,90.0,partial,140.16,94.12,104.09,100.62,100.0,4,99.64,published_equal_weight_quality_core,Finland 2020 = 100; equal-weight geometric mean,,retired_requires_whole_chain_value_data,"Not published until resolved need, whole-chain cost and safety are available"
HVA-07,Kanta-Hämeen hyvinvointialue,wellbeing_area,2025,wellbeing_areas_reported,false,,,,,65.6,0.32,,,,624.1,1225.0,,,,,,,,,,,4,10,40.0,partial,,94.12,,,,1,,not_published_incomplete_quality_core,Finland 2020 = 100; equal-weight geometric mean,,retired_requires_whole_chain_value_data,"Not published until resolved need, whole-chain cost and safety are available"
HVA-08,Pirkanmaan hyvinvointialue,wellbeing_area,2020,municipalities_aggregated_to_current_hva,false,,566.2,213.9,1756.0,,0.34,68.7,40.1,18.7,338.3,1582.0,103.0,657.45,59.9,81.3,2.670926,,,,,,9,10,90.0,partial,100.58,100.0,100.44,101.37,94.78,4,99.11,published_equal_weight_quality_core,Finland 2020 = 100; equal-weight geometric mean,,retired_requires_whole_chain_value_data,"Not published until resolved need, whole-chain cost and safety are available"
HVA-08,Pirkanmaan hyvinvointialue,wellbeing_area,2021,municipalities_aggregated_to_current_hva,false,,524.4,222.2,1877.0,40.8,0.33,,,,420.0,1479.0,105.6,593.92,,,3.160358,,,,,,7,10,70.0,partial,119.01,97.06,,,,1,,not_published_incomplete_quality_core,Finland 2020 = 100; equal-weight geometric mean,,retired_requires_whole_chain_value_data,"Not published until resolved need, whole-chain cost and safety are available"
HVA-08,Pirkanmaan hyvinvointialue,wellbeing_area,2022,municipalities_aggregated_to_current_hva,false,,539.5,218.2,1889.0,40.6,0.32,62.5,36.3,23.7,441.5,1380.0,110.4,584.46,63.7,76.3,3.232043,,,,,,10,10,100.0,complete,121.71,94.12,91.37,95.14,100.79,4,95.29,published_equal_weight_quality_core,Finland 2020 = 100; equal-weight geometric mean,,retired_requires_whole_chain_value_data,"Not published until resolved need, whole-chain cost and safety are available"
HVA-08,Pirkanmaan hyvinvointialue,wellbeing_area,2023,wellbeing_areas_reported,true,,714.3,212.7,2020.0,46.6,0.32,,,,495.3,1293.0,116.4,733.94,,,2.752269,,,,,,7,10,70.0,partial,103.65,94.12,,,,1,,not_published_incomplete_quality_core,Finland 2020 = 100; equal-weight geometric mean,,retired_requires_whole_chain_value_data,"Not published until resolved need, whole-chain cost and safety are available"
HVA-08,Pirkanmaan hyvinvointialue,wellbeing_area,2024,wellbeing_areas_reported,false,,656.5,,1915.0,38.4,0.33,68.4,39.2,22.4,549.1,1289.0,119.6,656.5,60.8,77.6,2.916984,,,,,,9,10,90.0,partial,109.85,97.06,100.0,96.76,96.2,4,97.49,published_equal_weight_quality_core,Finland 2020 = 100; equal-weight geometric mean,,retired_requires_whole_chain_value_data,"Not published until resolved need, whole-chain cost and safety are available"
HVA-08,Pirkanmaan hyvinvointialue,wellbeing_area,2025,wellbeing_areas_reported,false,,,,,45.8,0.33,,,,534.7,1317.0,,,,,,,,,,,4,10,40.0,partial,,97.06,,,,1,,not_published_incomplete_quality_core,Finland 2020 = 100; equal-weight geometric mean,,retired_requires_whole_chain_value_data,"Not published until resolved need, whole-chain cost and safety are available"
HVA-09,Päijät-Hämeen hyvinvointialue,wellbeing_area,2020,municipalities_aggregated_to_current_hva,false,,590.3,226.1,2118.0,,0.31,68.1,39.8,23.3,206.4,2116.0,103.0,685.44,60.2,76.7,3.089986,,,,,,9,10,90.0,partial,116.36,91.18,99.56,95.64,95.25,4,95.36,published_equal_weight_quality_core,Finland 2020 = 100; equal-weight geometric mean,,retired_requires_whole_chain_value_data,"Not published until resolved need, whole-chain cost and safety are available"
HVA-09,Päijät-Hämeen hyvinvointialue,wellbeing_area,2021,municipalities_aggregated_to_current_hva,false,,712.5,219.0,1919.0,29.8,0.28,,,,148.0,1788.0,105.6,806.96,,,2.378061,,,,,,7,10,70.0,partial,89.55,82.35,,,,1,,not_published_incomplete_quality_core,Finland 2020 = 100; equal-weight geometric mean,,retired_requires_whole_chain_value_data,"Not published until resolved need, whole-chain cost and safety are available"
HVA-09,Päijät-Hämeen hyvinvointialue,wellbeing_area,2022,municipalities_aggregated_to_current_hva,false,,530.0,229.4,2497.0,49.1,0.27,62.5,39.6,23.6,175.4,1493.0,110.4,574.17,60.4,76.4,4.348886,,,,,,10,10,100.0,complete,163.77,79.41,91.37,95.26,95.57,4,90.15,published_equal_weight_quality_core,Finland 2020 = 100; equal-weight geometric mean,,retired_requires_whole_chain_value_data,"Not published until resolved need, whole-chain cost and safety are available"
HVA-09,Päijät-Hämeen hyvinvointialue,wellbeing_area,2023,wellbeing_areas_reported,true,,704.6,197.3,2123.0,51.2,0.27,,,,263.2,1376.0,116.4,723.97,,,2.932442,,,,,,7,10,70.0,partial,110.43,79.41,,,,1,,not_published_incomplete_quality_core,Finland 2020 = 100; equal-weight geometric mean,,retired_requires_whole_chain_value_data,"Not published until resolved need, whole-chain cost and safety are available"
HVA-09,Päijät-Hämeen hyvinvointialue,wellbeing_area,2024,wellbeing_areas_reported,false,,712.1,,2031.0,34.3,0.24,66.9,39.0,26.0,273.0,1286.0,119.6,712.1,61.0,74.0,2.852128,,,,,,9,10,90.0,partial,107.41,70.59,97.81,92.27,96.52,4,88.55,published_equal_weight_quality_core,Finland 2020 = 100; equal-weight geometric mean,,retired_requires_whole_chain_value_data,"Not published until resolved need, whole-chain cost and safety are available"
HVA-09,Päijät-Hämeen hyvinvointialue,wellbeing_area,2025,wellbeing_areas_reported,false,,,,,32.7,0.23,,,,191.2,1324.0,,,,,,,,,,,4,10,40.0,partial,,67.65,,,,1,,not_published_incomplete_quality_core,Finland 2020 = 100; equal-weight geometric mean,,retired_requires_whole_chain_value_data,"Not published until resolved need, whole-chain cost and safety are available"
HVA-10,Kymenlaakson hyvinvointialue,wellbeing_area,2020,municipalities_aggregated_to_current_hva,false,,631.0,206.6,1704.0,,0.41,62.4,43.9,18.9,475.0,1432.0,103.0,732.7,56.1,81.1,2.325645,,,,,,9,10,90.0,partial,87.58,120.59,91.23,101.12,88.77,4,99.69,published_equal_weight_quality_core,Finland 2020 = 100; equal-weight geometric mean,,retired_requires_whole_chain_value_data,"Not published until resolved need, whole-chain cost and safety are available"
HVA-10,Kymenlaakson hyvinvointialue,wellbeing_area,2021,municipalities_aggregated_to_current_hva,false,,651.2,216.9,1882.0,47.9,0.32,,,,474.7,1385.0,105.6,737.53,,,2.551761,,,,,,7,10,70.0,partial,96.09,94.12,,,,1,,not_published_incomplete_quality_core,Finland 2020 = 100; equal-weight geometric mean,,retired_requires_whole_chain_value_data,"Not published until resolved need, whole-chain cost and safety are available"
HVA-10,Kymenlaakson hyvinvointialue,wellbeing_area,2022,municipalities_aggregated_to_current_hva,false,,632.3,210.0,1860.0,55.3,0.28,56.6,43.4,26.2,479.8,1180.0,110.4,684.99,56.6,73.8,2.715368,,,,,,10,10,100.0,complete,102.26,82.35,82.75,92.02,89.56,4,86.57,published_equal_weight_quality_core,Finland 2020 = 100; equal-weight geometric mean,,retired_requires_whole_chain_value_data,"Not published until resolved need, whole-chain cost and safety are available"
HVA-10,Kymenlaakson hyvinvointialue,wellbeing_area,2023,wellbeing_areas_reported,true,,959.7,225.9,2055.0,56.6,0.25,,,,448.1,957.0,116.4,986.08,,,2.084009,,,,,,7,10,70.0,partial,78.48,73.53,,,,1,,not_published_incomplete_quality_core,Finland 2020 = 100; equal-weight geometric mean,,retired_requires_whole_chain_value_data,"Not published until resolved need, whole-chain cost and safety are available"
HVA-10,Kymenlaakson hyvinvointialue,wellbeing_area,2024,wellbeing_areas_reported,false,,1004.6,,2177.0,47.8,0.22,62.1,42.3,20.7,415.4,793.0,119.6,1004.6,57.7,79.3,2.167032,,,,,,9,10,90.0,partial,81.61,64.71,90.79,98.88,91.3,4,85.34,published_equal_weight_quality_core,Finland 2020 = 100; equal-weight geometric mean,,retired_requires_whole_chain_value_data,"Not published until resolved need, whole-chain cost and safety are available"
HVA-10,Kymenlaakson hyvinvointialue,wellbeing_area,2025,wellbeing_areas_reported,false,,,,,61.8,0.21,,,,396.0,783.0,,,,,,,,,,,4,10,40.0,partial,,61.76,,,,1,,not_published_incomplete_quality_core,Finland 2020 = 100; equal-weight geometric mean,,retired_requires_whole_chain_value_data,"Not published until resolved need, whole-chain cost and safety are available"
HVA-11,Etelä-Karjalan hyvinvointialue,wellbeing_area,2020,municipalities_aggregated_to_current_hva,false,,604.9,224.7,1788.0,,,64.5,38.2,21.0,774.6,2074.0,103.0,702.39,61.8,79.0,2.545594,,,,,,8,10,80.0,partial,95.86,,94.3,98.5,97.78,3,,not_published_incomplete_quality_core,Finland 2020 = 100; equal-weight geometric mean,,retired_requires_whole_chain_value_data,"Not published until resolved need, whole-chain cost and safety are available"
HVA-11,Etelä-Karjalan hyvinvointialue,wellbeing_area,2021,municipalities_aggregated_to_current_hva,false,,528.5,245.0,1814.0,57.8,0.39,,,,723.5,2150.0,105.6,598.57,,,3.030556,,,,,,7,10,70.0,partial,114.13,114.71,,,,1,,not_published_incomplete_quality_core,Finland 2020 = 100; equal-weight geometric mean,,retired_requires_whole_chain_value_data,"Not published until resolved need, whole-chain cost and safety are available"
HVA-11,Etelä-Karjalan hyvinvointialue,wellbeing_area,2022,municipalities_aggregated_to_current_hva,false,,606.1,249.8,1741.0,61.7,0.32,59.6,38.4,26.9,702.9,2054.0,110.4,656.61,61.6,73.1,2.651498,,,,,,10,10,100.0,complete,99.85,94.12,87.13,91.15,97.47,4,92.39,published_equal_weight_quality_core,Finland 2020 = 100; equal-weight geometric mean,,retired_requires_whole_chain_value_data,"Not published until resolved need, whole-chain cost and safety are available"
HVA-11,Etelä-Karjalan hyvinvointialue,wellbeing_area,2023,wellbeing_areas_reported,true,,684.1,244.6,1812.0,53.3,0.3,,,,777.3,2023.0,116.4,702.91,,,2.577855,,,,,,7,10,70.0,partial,97.08,88.24,,,,1,,not_published_incomplete_quality_core,Finland 2020 = 100; equal-weight geometric mean,,retired_requires_whole_chain_value_data,"Not published until resolved need, whole-chain cost and safety are available"
HVA-11,Etelä-Karjalan hyvinvointialue,wellbeing_area,2024,wellbeing_areas_reported,false,,691.0,,1734.0,47.7,0.29,58.1,34.7,24.9,757.6,2081.0,119.6,691.0,65.3,75.1,2.509407,,,,,,9,10,90.0,partial,94.5,85.29,84.94,93.64,103.32,4,91.5,published_equal_weight_quality_core,Finland 2020 = 100; equal-weight geometric mean,,retired_requires_whole_chain_value_data,"Not published until resolved need, whole-chain cost and safety are available"
HVA-11,Etelä-Karjalan hyvinvointialue,wellbeing_area,2025,wellbeing_areas_reported,false,,,,,60.3,0.27,,,,664.1,1978.0,,,,,,,,,,,4,10,40.0,partial,,79.41,,,,1,,not_published_incomplete_quality_core,Finland 2020 = 100; equal-weight geometric mean,,retired_requires_whole_chain_value_data,"Not published until resolved need, whole-chain cost and safety are available"
HVA-12,Etelä-Savon hyvinvointialue,wellbeing_area,2020,municipalities_aggregated_to_current_hva,false,,666.6,332.5,2191.0,,0.29,69.7,40.0,17.7,257.3,1657.0,103.0,774.03,60.0,82.3,2.83064,,,,,,9,10,90.0,partial,106.6,85.29,101.9,102.62,94.94,4,95.93,published_equal_weight_quality_core,Finland 2020 = 100; equal-weight geometric mean,,retired_requires_whole_chain_value_data,"Not published until resolved need, whole-chain cost and safety are available"
HVA-12,Etelä-Savon hyvinvointialue,wellbeing_area,2021,municipalities_aggregated_to_current_hva,false,,542.8,320.4,2185.0,43.8,0.27,,,,324.9,1555.0,105.6,614.76,,,3.554233,,,,,,7,10,70.0,partial,133.85,79.41,,,,1,,not_published_incomplete_quality_core,Finland 2020 = 100; equal-weight geometric mean,,retired_requires_whole_chain_value_data,"Not published until resolved need, whole-chain cost and safety are available"
HVA-12,Etelä-Savon hyvinvointialue,wellbeing_area,2022,municipalities_aggregated_to_current_hva,false,,609.8,350.6,2300.0,55.0,0.23,60.8,39.9,19.2,424.2,1465.0,110.4,660.62,60.1,80.8,3.481578,,,,,,10,10,100.0,complete,131.11,67.65,88.89,100.75,95.09,4,87.12,published_equal_weight_quality_core,Finland 2020 = 100; equal-weight geometric mean,,retired_requires_whole_chain_value_data,"Not published until resolved need, whole-chain cost and safety are available"
HVA-12,Etelä-Savon hyvinvointialue,wellbeing_area,2023,wellbeing_areas_reported,true,,817.8,317.8,2239.0,57.4,0.2,,,,456.9,1508.0,116.4,840.28,,,2.664588,,,,,,7,10,70.0,partial,100.34,58.82,,,,1,,not_published_incomplete_quality_core,Finland 2020 = 100; equal-weight geometric mean,,retired_requires_whole_chain_value_data,"Not published until resolved need, whole-chain cost and safety are available"
HVA-12,Etelä-Savon hyvinvointialue,wellbeing_area,2024,wellbeing_areas_reported,false,,887.5,,2295.0,50.0,0.17,59.2,41.2,24.8,462.6,1488.0,119.6,887.5,58.8,75.2,2.585915,,,,,,9,10,90.0,partial,97.38,50.0,86.55,93.77,93.04,4,78.39,published_equal_weight_quality_core,Finland 2020 = 100; equal-weight geometric mean,,retired_requires_whole_chain_value_data,"Not published until resolved need, whole-chain cost and safety are available"
HVA-12,Etelä-Savon hyvinvointialue,wellbeing_area,2025,wellbeing_areas_reported,false,,,,,69.7,0.17,,,,422.4,1443.0,,,,,,,,,,,4,10,40.0,partial,,50.0,,,,1,,not_published_incomplete_quality_core,Finland 2020 = 100; equal-weight geometric mean,,retired_requires_whole_chain_value_data,"Not published until resolved need, whole-chain cost and safety are available"
HVA-13,Pohjois-Savon hyvinvointialue,wellbeing_area,2020,municipalities_aggregated_to_current_hva,false,,708.9,336.1,2764.0,,0.35,72.4,39.9,13.9,706.0,1551.0,103.0,823.15,60.1,86.1,3.357833,,,,,,9,10,90.0,partial,126.45,102.94,105.85,107.36,95.09,4,102.7,published_equal_weight_quality_core,Finland 2020 = 100; equal-weight geometric mean,,retired_requires_whole_chain_value_data,"Not published until resolved need, whole-chain cost and safety are available"
HVA-13,Pohjois-Savon hyvinvointialue,wellbeing_area,2021,municipalities_aggregated_to_current_hva,false,,637.5,328.5,2899.0,60.6,0.34,,,,1064.2,1380.0,105.6,722.02,,,4.015124,,,,,,7,10,70.0,partial,151.2,100.0,,,,1,,not_published_incomplete_quality_core,Finland 2020 = 100; equal-weight geometric mean,,retired_requires_whole_chain_value_data,"Not published until resolved need, whole-chain cost and safety are available"
HVA-13,Pohjois-Savon hyvinvointialue,wellbeing_area,2022,municipalities_aggregated_to_current_hva,false,,664.2,329.1,3023.0,66.2,0.31,65.0,41.7,19.7,985.6,1232.0,110.4,719.55,58.3,80.3,4.201237,,,,,,10,10,100.0,complete,158.21,91.18,95.03,100.12,92.25,4,94.58,published_equal_weight_quality_core,Finland 2020 = 100; equal-weight geometric mean,,retired_requires_whole_chain_value_data,"Not published until resolved need, whole-chain cost and safety are available"
HVA-13,Pohjois-Savon hyvinvointialue,wellbeing_area,2023,wellbeing_areas_reported,true,,745.0,326.2,2791.0,64.6,0.29,,,,891.4,1165.0,116.4,765.48,,,3.646078,,,,,,7,10,70.0,partial,137.3,85.29,,,,1,,not_published_incomplete_quality_core,Finland 2020 = 100; equal-weight geometric mean,,retired_requires_whole_chain_value_data,"Not published until resolved need, whole-chain cost and safety are available"
HVA-13,Pohjois-Savon hyvinvointialue,wellbeing_area,2024,wellbeing_areas_reported,false,,740.0,,2771.0,57.9,0.3,63.6,43.0,24.5,909.5,1065.0,119.6,740.0,57.0,75.5,3.744595,,,,,,9,10,90.0,partial,141.01,88.24,92.98,94.14,90.19,4,91.36,published_equal_weight_quality_core,Finland 2020 = 100; equal-weight geometric mean,,retired_requires_whole_chain_value_data,"Not published until resolved need, whole-chain cost and safety are available"
HVA-13,Pohjois-Savon hyvinvointialue,wellbeing_area,2025,wellbeing_areas_reported,false,,,,,60.5,0.34,,,,917.8,950.0,,,,,,,,,,,4,10,40.0,partial,,100.0,,,,1,,not_published_incomplete_quality_core,Finland 2020 = 100; equal-weight geometric mean,,retired_requires_whole_chain_value_data,"Not published until resolved need, whole-chain cost and safety are available"
HVA-14,Pohjois-Karjalan hyvinvointialue,wellbeing_area,2020,municipalities_aggregated_to_current_hva,false,,687.0,246.9,1678.0,,0.28,63.0,41.3,23.0,373.8,1722.0,103.0,797.72,58.7,77.0,2.103495,,,,,,9,10,90.0,partial,79.21,82.35,92.11,96.01,92.88,4,90.69,published_equal_weight_quality_core,Finland 2020 = 100; equal-weight geometric mean,,retired_requires_whole_chain_value_data,"Not published until resolved need, whole-chain cost and safety are available"
HVA-14,Pohjois-Karjalan hyvinvointialue,wellbeing_area,2021,municipalities_aggregated_to_current_hva,false,,671.7,241.7,1759.0,12.5,0.26,,,,192.5,1612.0,105.6,760.75,,,2.312192,,,,,,7,10,70.0,partial,87.07,76.47,,,,1,,not_published_incomplete_quality_core,Finland 2020 = 100; equal-weight geometric mean,,retired_requires_whole_chain_value_data,"Not published until resolved need, whole-chain cost and safety are available"
HVA-14,Pohjois-Karjalan hyvinvointialue,wellbeing_area,2022,municipalities_aggregated_to_current_hva,false,,761.1,243.9,1770.0,22.5,0.23,55.7,40.4,35.2,234.9,1384.0,110.4,824.52,59.6,64.8,2.146704,,,,,,10,10,100.0,complete,80.84,67.65,81.43,80.8,94.3,4,80.49,published_equal_weight_quality_core,Finland 2020 = 100; equal-weight geometric mean,,retired_requires_whole_chain_value_data,"Not published until resolved need, whole-chain cost and safety are available"
HVA-14,Pohjois-Karjalan hyvinvointialue,wellbeing_area,2023,wellbeing_areas_reported,true,,807.1,275.6,1820.0,22.1,0.24,,,,256.2,1331.0,116.4,829.29,,,2.194648,,,,,,7,10,70.0,partial,82.65,70.59,,,,1,,not_published_incomplete_quality_core,Finland 2020 = 100; equal-weight geometric mean,,retired_requires_whole_chain_value_data,"Not published until resolved need, whole-chain cost and safety are available"
HVA-14,Pohjois-Karjalan hyvinvointialue,wellbeing_area,2024,wellbeing_areas_reported,false,,829.8,,1873.0,21.1,0.23,56.4,40.7,32.1,304.7,1316.0,119.6,829.8,59.3,67.9,2.25717,,,,,,9,10,90.0,partial,85.0,67.65,82.46,84.66,93.83,4,81.59,published_equal_weight_quality_core,Finland 2020 = 100; equal-weight geometric mean,,retired_requires_whole_chain_value_data,"Not published until resolved need, whole-chain cost and safety are available"
HVA-14,Pohjois-Karjalan hyvinvointialue,wellbeing_area,2025,wellbeing_areas_reported,false,,,,,59.3,0.22,,,,247.9,1384.0,,,,,,,,,,,4,10,40.0,partial,,64.71,,,,1,,not_published_incomplete_quality_core,Finland 2020 = 100; equal-weight geometric mean,,retired_requires_whole_chain_value_data,"Not published until resolved need, whole-chain cost and safety are available"
HVA-15,Keski-Suomen hyvinvointialue,wellbeing_area,2020,municipalities_aggregated_to_current_hva,false,,720.5,203.2,2261.0,,,68.5,38.0,17.2,482.1,994.0,103.0,836.62,62.0,82.8,2.702541,,,,,,8,10,80.0,partial,101.77,,100.15,103.24,98.1,3,,not_published_incomplete_quality_core,Finland 2020 = 100; equal-weight geometric mean,,retired_requires_whole_chain_value_data,"Not published until resolved need, whole-chain cost and safety are available"
HVA-15,Keski-Suomen hyvinvointialue,wellbeing_area,2021,municipalities_aggregated_to_current_hva,false,,624.3,203.8,2358.0,52.1,0.31,,,,615.8,897.0,105.6,707.07,,,3.334889,,,,,,7,10,70.0,partial,125.59,91.18,,,,1,,not_published_incomplete_quality_core,Finland 2020 = 100; equal-weight geometric mean,,retired_requires_whole_chain_value_data,"Not published until resolved need, whole-chain cost and safety are available"
HVA-15,Keski-Suomen hyvinvointialue,wellbeing_area,2022,municipalities_aggregated_to_current_hva,false,,692.0,203.0,2405.0,51.0,0.27,63.0,38.3,24.0,622.5,852.0,110.4,749.67,61.7,76.0,3.208078,,,,,,10,10,100.0,complete,120.81,79.41,92.11,94.76,97.63,4,90.7,published_equal_weight_quality_core,Finland 2020 = 100; equal-weight geometric mean,,retired_requires_whole_chain_value_data,"Not published until resolved need, whole-chain cost and safety are available"
HVA-15,Keski-Suomen hyvinvointialue,wellbeing_area,2023,wellbeing_areas_reported,true,,733.4,218.2,2431.0,55.3,0.25,,,,588.7,829.0,116.4,753.56,,,3.22602,,,,,,7,10,70.0,partial,121.49,73.53,,,,1,,not_published_incomplete_quality_core,Finland 2020 = 100; equal-weight geometric mean,,retired_requires_whole_chain_value_data,"Not published until resolved need, whole-chain cost and safety are available"
HVA-15,Keski-Suomen hyvinvointialue,wellbeing_area,2024,wellbeing_areas_reported,false,,758.3,,2314.0,55.2,0.23,64.9,39.7,25.1,584.5,896.0,119.6,758.3,60.3,74.9,3.051563,,,,,,9,10,90.0,partial,114.92,67.65,94.88,93.39,95.41,4,86.96,published_equal_weight_quality_core,Finland 2020 = 100; equal-weight geometric mean,,retired_requires_whole_chain_value_data,"Not published until resolved need, whole-chain cost and safety are available"
HVA-15,Keski-Suomen hyvinvointialue,wellbeing_area,2025,wellbeing_areas_reported,false,,,,,73.5,0.23,,,,615.6,899.0,,,,,,,,,,,4,10,40.0,partial,,67.65,,,,1,,not_published_incomplete_quality_core,Finland 2020 = 100; equal-weight geometric mean,,retired_requires_whole_chain_value_data,"Not published until resolved need, whole-chain cost and safety are available"
HVA-16,Etelä-Pohjanmaan hyvinvointialue,wellbeing_area,2020,municipalities_aggregated_to_current_hva,false,,630.4,268.0,2160.0,,0.17,70.3,40.6,14.1,101.2,1072.0,103.0,732.0,59.4,85.9,2.95082,,,,,,9,10,90.0,partial,111.12,50.0,102.78,107.11,93.99,4,84.81,published_equal_weight_quality_core,Finland 2020 = 100; equal-weight geometric mean,,retired_requires_whole_chain_value_data,"Not published until resolved need, whole-chain cost and safety are available"
HVA-16,Etelä-Pohjanmaan hyvinvointialue,wellbeing_area,2021,municipalities_aggregated_to_current_hva,false,,658.1,268.2,2372.0,45.6,0.16,,,,133.8,1096.0,105.6,745.35,,,3.182398,,,,,,7,10,70.0,partial,119.84,47.06,,,,1,,not_published_incomplete_quality_core,Finland 2020 = 100; equal-weight geometric mean,,retired_requires_whole_chain_value_data,"Not published until resolved need, whole-chain cost and safety are available"
HVA-16,Etelä-Pohjanmaan hyvinvointialue,wellbeing_area,2022,municipalities_aggregated_to_current_hva,false,,592.3,272.4,2336.0,41.1,0.16,66.0,40.1,22.3,109.0,1099.0,110.4,641.66,59.9,77.7,3.640557,,,,,,10,10,100.0,complete,137.1,47.06,96.49,96.88,94.78,4,80.36,published_equal_weight_quality_core,Finland 2020 = 100; equal-weight geometric mean,,retired_requires_whole_chain_value_data,"Not published until resolved need, whole-chain cost and safety are available"
HVA-16,Etelä-Pohjanmaan hyvinvointialue,wellbeing_area,2023,wellbeing_areas_reported,true,,785.7,286.3,2276.0,26.1,0.14,,,,115.6,1204.0,116.4,807.3,,,2.819274,,,,,,7,10,70.0,partial,106.17,41.18,,,,1,,not_published_incomplete_quality_core,Finland 2020 = 100; equal-weight geometric mean,,retired_requires_whole_chain_value_data,"Not published until resolved need, whole-chain cost and safety are available"
HVA-16,Etelä-Pohjanmaan hyvinvointialue,wellbeing_area,2024,wellbeing_areas_reported,false,,794.1,,2202.0,38.6,0.17,63.8,36.5,24.3,399.0,1238.0,119.6,794.1,63.5,75.7,2.772951,,,,,,9,10,90.0,partial,104.42,50.0,93.27,94.39,100.47,4,81.55,published_equal_weight_quality_core,Finland 2020 = 100; equal-weight geometric mean,,retired_requires_whole_chain_value_data,"Not published until resolved need, whole-chain cost and safety are available"
HVA-16,Etelä-Pohjanmaan hyvinvointialue,wellbeing_area,2025,wellbeing_areas_reported,false,,,,,67.8,0.21,,,,481.8,1231.0,,,,,,,,,,,4,10,40.0,partial,,61.76,,,,1,,not_published_incomplete_quality_core,Finland 2020 = 100; equal-weight geometric mean,,retired_requires_whole_chain_value_data,"Not published until resolved need, whole-chain cost and safety are available"
HVA-17,Pohjanmaan hyvinvointialue,wellbeing_area,2020,municipalities_aggregated_to_current_hva,false,,607.4,247.6,1423.0,,0.39,67.3,33.8,21.8,516.2,1336.0,103.0,705.29,66.2,78.2,2.01761,,,,,,9,10,90.0,partial,75.98,114.71,98.39,97.51,104.75,4,103.62,published_equal_weight_quality_core,Finland 2020 = 100; equal-weight geometric mean,,retired_requires_whole_chain_value_data,"Not published until resolved need, whole-chain cost and safety are available"
HVA-17,Pohjanmaan hyvinvointialue,wellbeing_area,2021,municipalities_aggregated_to_current_hva,false,,568.3,250.2,1487.0,39.4,0.38,,,,709.6,999.0,105.6,643.64,,,2.310298,,,,,,7,10,70.0,partial,87.0,111.76,,,,1,,not_published_incomplete_quality_core,Finland 2020 = 100; equal-weight geometric mean,,retired_requires_whole_chain_value_data,"Not published until resolved need, whole-chain cost and safety are available"
HVA-17,Pohjanmaan hyvinvointialue,wellbeing_area,2022,municipalities_aggregated_to_current_hva,false,,678.3,276.7,1453.0,35.7,0.37,64.7,36.1,27.8,723.8,564.0,110.4,734.82,63.9,72.2,1.977355,,,,,,10,10,100.0,complete,74.46,108.82,94.59,90.02,101.11,4,98.39,published_equal_weight_quality_core,Finland 2020 = 100; equal-weight geometric mean,,retired_requires_whole_chain_value_data,"Not published until resolved need, whole-chain cost and safety are available"
HVA-17,Pohjanmaan hyvinvointialue,wellbeing_area,2023,wellbeing_areas_reported,true,,783.4,244.4,1415.0,38.0,0.33,,,,607.9,515.0,116.4,804.94,,,1.757895,,,,,,7,10,70.0,partial,66.2,97.06,,,,1,,not_published_incomplete_quality_core,Finland 2020 = 100; equal-weight geometric mean,,retired_requires_whole_chain_value_data,"Not published until resolved need, whole-chain cost and safety are available"
HVA-17,Pohjanmaan hyvinvointialue,wellbeing_area,2024,wellbeing_areas_reported,false,,737.9,,1475.0,43.8,0.31,62.8,34.4,19.8,619.6,710.0,119.6,737.9,65.6,80.2,1.998916,,,,,,9,10,90.0,partial,75.28,91.18,91.81,100.0,103.8,4,96.55,published_equal_weight_quality_core,Finland 2020 = 100; equal-weight geometric mean,,retired_requires_whole_chain_value_data,"Not published until resolved need, whole-chain cost and safety are available"
HVA-17,Pohjanmaan hyvinvointialue,wellbeing_area,2025,wellbeing_areas_reported,false,,,,,56.7,0.32,,,,647.5,1000.0,,,,,,,,,,,4,10,40.0,partial,,94.12,,,,1,,not_published_incomplete_quality_core,Finland 2020 = 100; equal-weight geometric mean,,retired_requires_whole_chain_value_data,"Not published until resolved need, whole-chain cost and safety are available"
HVA-18,Keski-Pohjanmaan hyvinvointialue,wellbeing_area,2020,municipalities_aggregated_to_current_hva,false,,610.5,371.7,1879.0,,0.24,63.0,37.4,14.5,328.3,1720.0,103.0,708.89,62.6,85.5,2.650623,,,,,,9,10,90.0,partial,99.82,70.59,92.11,106.61,99.05,4,91.03,published_equal_weight_quality_core,Finland 2020 = 100; equal-weight geometric mean,,retired_requires_whole_chain_value_data,"Not published until resolved need, whole-chain cost and safety are available"
HVA-18,Keski-Pohjanmaan hyvinvointialue,wellbeing_area,2021,municipalities_aggregated_to_current_hva,false,,507.7,357.4,2070.0,22.8,0.26,,,,295.0,1798.0,105.6,575.01,,,3.599937,,,,,,7,10,70.0,partial,135.57,76.47,,,,1,,not_published_incomplete_quality_core,Finland 2020 = 100; equal-weight geometric mean,,retired_requires_whole_chain_value_data,"Not published until resolved need, whole-chain cost and safety are available"
HVA-18,Keski-Pohjanmaan hyvinvointialue,wellbeing_area,2022,municipalities_aggregated_to_current_hva,false,,639.9,377.7,2011.0,42.3,0.26,61.2,38.3,20.3,378.4,1705.0,110.4,693.22,61.7,79.7,2.900955,,,,,,10,10,100.0,complete,109.24,76.47,89.47,99.38,97.63,4,90.26,published_equal_weight_quality_core,Finland 2020 = 100; equal-weight geometric mean,,retired_requires_whole_chain_value_data,"Not published until resolved need, whole-chain cost and safety are available"
HVA-18,Keski-Pohjanmaan hyvinvointialue,wellbeing_area,2023,wellbeing_areas_reported,true,,738.9,360.8,2091.0,49.5,0.27,,,,389.1,1625.0,116.4,759.21,,,2.754179,,,,,,7,10,70.0,partial,103.72,79.41,,,,1,,not_published_incomplete_quality_core,Finland 2020 = 100; equal-weight geometric mean,,retired_requires_whole_chain_value_data,"Not published until resolved need, whole-chain cost and safety are available"
HVA-18,Keski-Pohjanmaan hyvinvointialue,wellbeing_area,2024,wellbeing_areas_reported,false,,721.9,,2058.0,65.0,0.28,63.4,39.1,21.4,454.2,1634.0,119.6,721.9,60.9,78.6,2.85081,,,,,,9,10,90.0,partial,107.36,82.35,92.69,98.0,96.36,4,92.14,published_equal_weight_quality_core,Finland 2020 = 100; equal-weight geometric mean,,retired_requires_whole_chain_value_data,"Not published until resolved need, whole-chain cost and safety are available"
HVA-18,Keski-Pohjanmaan hyvinvointialue,wellbeing_area,2025,wellbeing_areas_reported,false,,,,,52.9,0.31,,,,530.4,1605.0,,,,,,,,,,,4,10,40.0,partial,,91.18,,,,1,,not_published_incomplete_quality_core,Finland 2020 = 100; equal-weight geometric mean,,retired_requires_whole_chain_value_data,"Not published until resolved need, whole-chain cost and safety are available"
HVA-19,Pohjois-Pohjanmaan hyvinvointialue,wellbeing_area,2020,municipalities_aggregated_to_current_hva,false,,715.9,293.8,2044.0,,,67.5,36.2,18.9,355.1,961.0,103.0,831.28,63.8,81.1,2.458859,,,,,,8,10,80.0,partial,92.6,,98.68,101.12,100.95,3,,not_published_incomplete_quality_core,Finland 2020 = 100; equal-weight geometric mean,,retired_requires_whole_chain_value_data,"Not published until resolved need, whole-chain cost and safety are available"
HVA-19,Pohjois-Pohjanmaan hyvinvointialue,wellbeing_area,2021,municipalities_aggregated_to_current_hva,false,,568.5,276.5,2267.0,44.3,0.24,,,,464.3,890.0,105.6,643.87,,,3.520897,,,,,,7,10,70.0,partial,132.59,70.59,,,,1,,not_published_incomplete_quality_core,Finland 2020 = 100; equal-weight geometric mean,,retired_requires_whole_chain_value_data,"Not published until resolved need, whole-chain cost and safety are available"
HVA-19,Pohjois-Pohjanmaan hyvinvointialue,wellbeing_area,2022,municipalities_aggregated_to_current_hva,false,,477.9,283.5,2261.0,53.1,0.23,60.8,36.1,24.7,458.7,827.0,110.4,517.72,63.9,75.3,4.367226,,,,,,10,10,100.0,complete,164.46,67.65,88.89,93.89,101.11,4,86.92,published_equal_weight_quality_core,Finland 2020 = 100; equal-weight geometric mean,,retired_requires_whole_chain_value_data,"Not published until resolved need, whole-chain cost and safety are available"
HVA-19,Pohjois-Pohjanmaan hyvinvointialue,wellbeing_area,2023,wellbeing_areas_reported,true,,633.0,285.3,2258.0,63.0,0.24,,,,412.1,983.0,116.4,650.4,,,3.47171,,,,,,7,10,70.0,partial,130.74,70.59,,,,1,,not_published_incomplete_quality_core,Finland 2020 = 100; equal-weight geometric mean,,retired_requires_whole_chain_value_data,"Not published until resolved need, whole-chain cost and safety are available"
HVA-19,Pohjois-Pohjanmaan hyvinvointialue,wellbeing_area,2024,wellbeing_areas_reported,false,,631.0,,2200.0,60.9,0.25,59.5,38.0,27.5,473.8,1055.0,119.6,631.0,62.0,72.5,3.486529,,,,,,9,10,90.0,partial,131.3,73.53,86.99,90.4,98.1,4,86.78,published_equal_weight_quality_core,Finland 2020 = 100; equal-weight geometric mean,,retired_requires_whole_chain_value_data,"Not published until resolved need, whole-chain cost and safety are available"
HVA-19,Pohjois-Pohjanmaan hyvinvointialue,wellbeing_area,2025,wellbeing_areas_reported,false,,,,,63.3,0.28,,,,557.1,1155.0,,,,,,,,,,,4,10,40.0,partial,,82.35,,,,1,,not_published_incomplete_quality_core,Finland 2020 = 100; equal-weight geometric mean,,retired_requires_whole_chain_value_data,"Not published until resolved need, whole-chain cost and safety are available"
HVA-20,Kainuun hyvinvointialue,wellbeing_area,2020,municipalities_aggregated_to_current_hva,false,,734.7,339.9,1898.0,,0.3,62.5,41.6,23.1,566.3,1365.0,103.0,853.11,58.4,76.9,2.224801,,,,,,9,10,90.0,partial,83.78,88.24,91.37,95.89,92.41,4,91.93,published_equal_weight_quality_core,Finland 2020 = 100; equal-weight geometric mean,,retired_requires_whole_chain_value_data,"Not published until resolved need, whole-chain cost and safety are available"
HVA-20,Kainuun hyvinvointialue,wellbeing_area,2021,municipalities_aggregated_to_current_hva,false,,614.5,348.2,2046.0,21.2,0.34,,,,408.1,1123.0,105.6,695.97,,,2.939782,,,,,,7,10,70.0,partial,110.71,100.0,,,,1,,not_published_incomplete_quality_core,Finland 2020 = 100; equal-weight geometric mean,,retired_requires_whole_chain_value_data,"Not published until resolved need, whole-chain cost and safety are available"
HVA-20,Kainuun hyvinvointialue,wellbeing_area,2022,municipalities_aggregated_to_current_hva,false,,549.4,329.7,2151.0,18.8,0.33,57.6,42.9,30.4,278.9,889.0,110.4,595.18,57.1,69.6,3.614033,,,,,,10,10,100.0,complete,136.1,97.06,84.21,86.78,90.35,4,89.47,published_equal_weight_quality_core,Finland 2020 = 100; equal-weight geometric mean,,retired_requires_whole_chain_value_data,"Not published until resolved need, whole-chain cost and safety are available"
HVA-20,Kainuun hyvinvointialue,wellbeing_area,2023,wellbeing_areas_reported,true,,826.9,302.3,2473.0,26.0,0.32,,,,268.1,865.0,116.4,849.63,,,2.910679,,,,,,7,10,70.0,partial,109.61,94.12,,,,1,,not_published_incomplete_quality_core,Finland 2020 = 100; equal-weight geometric mean,,retired_requires_whole_chain_value_data,"Not published until resolved need, whole-chain cost and safety are available"
HVA-20,Kainuun hyvinvointialue,wellbeing_area,2024,wellbeing_areas_reported,false,,833.7,,2187.0,27.1,0.33,61.1,42.3,27.4,257.3,844.0,119.6,833.7,57.7,72.6,2.623246,,,,,,9,10,90.0,partial,98.79,97.06,89.33,90.52,91.3,4,92.0,published_equal_weight_quality_core,Finland 2020 = 100; equal-weight geometric mean,,retired_requires_whole_chain_value_data,"Not published until resolved need, whole-chain cost and safety are available"
HVA-20,Kainuun hyvinvointialue,wellbeing_area,2025,wellbeing_areas_reported,false,,,,,38.4,0.35,,,,411.0,827.0,,,,,,,,,,,4,10,40.0,partial,,102.94,,,,1,,not_published_incomplete_quality_core,Finland 2020 = 100; equal-weight geometric mean,,retired_requires_whole_chain_value_data,"Not published until resolved need, whole-chain cost and safety are available"
HVA-21,Lapin hyvinvointialue,wellbeing_area,2020,municipalities_aggregated_to_current_hva,false,,768.0,239.8,1715.0,,0.28,69.1,35.1,18.9,516.4,1487.0,103.0,891.77,64.9,81.1,1.923142,,,,,,9,10,90.0,partial,72.42,82.35,101.02,101.12,102.69,4,96.41,published_equal_weight_quality_core,Finland 2020 = 100; equal-weight geometric mean,,retired_requires_whole_chain_value_data,"Not published until resolved need, whole-chain cost and safety are available"
HVA-21,Lapin hyvinvointialue,wellbeing_area,2021,municipalities_aggregated_to_current_hva,false,,675.2,241.2,1765.0,43.1,0.25,,,,828.1,1335.0,105.6,764.72,,,2.308034,,,,,,7,10,70.0,partial,86.92,73.53,,,,1,,not_published_incomplete_quality_core,Finland 2020 = 100; equal-weight geometric mean,,retired_requires_whole_chain_value_data,"Not published until resolved need, whole-chain cost and safety are available"
HVA-21,Lapin hyvinvointialue,wellbeing_area,2022,municipalities_aggregated_to_current_hva,false,,784.9,248.3,1766.0,38.6,0.23,62.6,38.9,24.0,665.3,1253.0,110.4,850.31,61.1,76.0,2.07689,,,,,,10,10,100.0,complete,78.21,67.65,91.52,94.76,96.68,4,86.78,published_equal_weight_quality_core,Finland 2020 = 100; equal-weight geometric mean,,retired_requires_whole_chain_value_data,"Not published until resolved need, whole-chain cost and safety are available"
HVA-21,Lapin hyvinvointialue,wellbeing_area,2023,wellbeing_areas_reported,true,,905.4,261.6,1745.0,45.3,0.23,,,,564.2,1215.0,116.4,930.29,,,1.875759,,,,,,7,10,70.0,partial,70.64,67.65,,,,1,,not_published_incomplete_quality_core,Finland 2020 = 100; equal-weight geometric mean,,retired_requires_whole_chain_value_data,"Not published until resolved need, whole-chain cost and safety are available"
HVA-21,Lapin hyvinvointialue,wellbeing_area,2024,wellbeing_areas_reported,false,,927.0,,1765.0,39.5,0.23,62.0,38.6,20.9,530.9,1153.0,119.6,927.0,61.4,79.1,1.903991,,,,,,9,10,90.0,partial,71.7,67.65,90.64,98.63,97.15,4,87.55,published_equal_weight_quality_core,Finland 2020 = 100; equal-weight geometric mean,,retired_requires_whole_chain_value_data,"Not published until resolved need, whole-chain cost and safety are available"
HVA-21,Lapin hyvinvointialue,wellbeing_area,2025,wellbeing_areas_reported,false,,,,,48.6,0.25,,,,534.0,1041.0,,,,,,,,,,,4,10,40.0,partial,,73.53,,,,1,,not_published_incomplete_quality_core,Finland 2020 = 100; equal-weight geometric mean,,retired_requires_whole_chain_value_data,"Not published until resolved need, whole-chain cost and safety are available"
HVA-90,Helsingin kaupunki,wellbeing_area,2020,municipalities_aggregated_to_current_hva,false,,346.4,322.0,1221.0,,0.39,72.1,31.1,24.1,126.2,1592.0,103.0,402.23,68.9,75.9,3.035577,,,,,,9,10,90.0,partial,114.31,114.71,105.41,94.64,109.02,4,105.68,published_equal_weight_quality_core,Finland 2020 = 100; equal-weight geometric mean,,retired_requires_whole_chain_value_data,"Not published until resolved need, whole-chain cost and safety are available"
HVA-90,Helsingin kaupunki,wellbeing_area,2021,municipalities_aggregated_to_current_hva,false,,477.9,310.5,935.0,31.1,,,,,157.7,1383.0,105.6,541.26,,,1.727451,,,,,,6,10,60.0,partial,65.05,,,,,0,,not_published_incomplete_quality_core,Finland 2020 = 100; equal-weight geometric mean,,retired_requires_whole_chain_value_data,"Not published until resolved need, whole-chain cost and safety are available"
HVA-90,Helsingin kaupunki,wellbeing_area,2022,municipalities_aggregated_to_current_hva,false,,439.9,307.8,1280.0,42.5,,64.5,30.0,26.6,147.7,1139.0,110.4,476.56,70.0,73.4,2.685916,,,,,,9,10,90.0,partial,101.15,,94.3,91.52,110.76,3,,not_published_incomplete_quality_core,Finland 2020 = 100; equal-weight geometric mean,,retired_requires_whole_chain_value_data,"Not published until resolved need, whole-chain cost and safety are available"
HVA-90,Helsingin kaupunki,wellbeing_area,2023,wellbeing_areas_reported,true,,434.1,318.0,1579.0,66.6,,,,,421.7,1049.0,116.4,446.03,,,3.540121,,,,,,6,10,60.0,partial,133.31,,,,,0,,not_published_incomplete_quality_core,Finland 2020 = 100; equal-weight geometric mean,,retired_requires_whole_chain_value_data,"Not published until resolved need, whole-chain cost and safety are available"
HVA-90,Helsingin kaupunki,wellbeing_area,2024,wellbeing_areas_reported,false,,453.3,,2283.0,66.5,0.29,69.8,33.3,27.3,658.7,937.0,119.6,453.3,66.7,72.7,5.0364,,,,,,9,10,90.0,partial,189.66,85.29,102.05,90.65,105.54,4,95.53,published_equal_weight_quality_core,Finland 2020 = 100; equal-weight geometric mean,,retired_requires_whole_chain_value_data,"Not published until resolved need, whole-chain cost and safety are available"
HVA-90,Helsingin kaupunki,wellbeing_area,2025,wellbeing_areas_reported,false,,,,,75.9,0.32,,,,604.5,951.0,,,,,,,,,,,4,10,40.0,partial,,94.12,,,,1,,not_published_incomplete_quality_core,Finland 2020 = 100; equal-weight geometric mean,,retired_requires_whole_chain_value_data,"Not published until resolved need, whole-chain cost and safety are available"
HVA-91,Ahvenanmaa,wellbeing_area,2020,municipalities_aggregated_to_current_hva,false,,0.0,344.9,2042.0,,0.33,,,,304.0,,103.0,0.0,,,,,,,,,5,10,50.0,partial,,97.06,,,,1,,not_published_incomplete_quality_core,Finland 2020 = 100; equal-weight geometric mean,,retired_requires_whole_chain_value_data,"Not published until resolved need, whole-chain cost and safety are available"
HVA-91,Ahvenanmaa,wellbeing_area,2021,municipalities_aggregated_to_current_hva,false,,,339.4,2370.0,,0.32,,,,266.0,,105.6,,,,,,,,,,4,10,40.0,partial,,94.12,,,,1,,not_published_incomplete_quality_core,Finland 2020 = 100; equal-weight geometric mean,,retired_requires_whole_chain_value_data,"Not published until resolved need, whole-chain cost and safety are available"
HVA-91,Ahvenanmaa,wellbeing_area,2022,municipalities_aggregated_to_current_hva,false,,,330.1,2520.0,,0.32,83.7,34.3,14.1,301.5,,110.4,,65.7,85.9,,,,,,,7,10,70.0,partial,,94.12,122.37,107.11,103.96,4,106.41,published_equal_weight_quality_core,Finland 2020 = 100; equal-weight geometric mean,,retired_requires_whole_chain_value_data,"Not published until resolved need, whole-chain cost and safety are available"
HVA-91,Ahvenanmaa,wellbeing_area,2023,wellbeing_areas_reported,true,,,333.3,2177.0,,0.34,,,,301.9,,116.4,,,,,,,,,,4,10,40.0,partial,,100.0,,,,1,,not_published_incomplete_quality_core,Finland 2020 = 100; equal-weight geometric mean,,retired_requires_whole_chain_value_data,"Not published until resolved need, whole-chain cost and safety are available"
HVA-91,Ahvenanmaa,wellbeing_area,2024,wellbeing_areas_reported,false,,,,2124.0,,0.33,79.2,34.4,15.4,361.4,,119.6,,65.6,84.6,,,,,,,6,10,60.0,partial,,97.06,115.79,105.49,103.8,4,105.32,published_equal_weight_quality_core,Finland 2020 = 100; equal-weight geometric mean,,retired_requires_whole_chain_value_data,"Not published until resolved need, whole-chain cost and safety are available"
HVA-91,Ahvenanmaa,wellbeing_area,2025,wellbeing_areas_reported,false,,,,,,0.32,,,,350.2,,,,,,,,,,,,2,10,20.0,partial,,94.12,,,,1,,not_published_incomplete_quality_core,Finland 2020 = 100; equal-weight geometric mean,,retired_requires_whole_chain_value_data,"Not published until resolved need, whole-chain cost and safety are available"
